,,,日時,デマンドID,予約種別,乗客ユニークID,passengerID,車両ID,乗車人数,キャンセル時刻,乗車時刻,降車時刻,乗車位置（緯度、経度）,乗車乗降ポイント,降車位置（緯度、経度）,降車乗降ポイント,乗車予定時間（初回）,乗車予定時間（最終）,降車予定時間（初回）,降車予定時間（最終）,希望乗車時間,希望時間（理論値）,乗車時間,のべ乗車時間,時間帯合計・分(秒切捨）,遅れ時間,待ち時間,待ち時間（平均）,待ち時間（中央値）,日時,降車時間,合成キー,評価,,,,
-,-,10,2018/10/29 9:48,7179,乗客アプリ（地図から）,2290,900,6,1,,2018/10/29 10:08,2018/10/29 10:16,35.448676 139.635696,横浜平和プラザホテル,35.443073 139.651914,横浜人形の家,2018/10/29 10:08,2018/10/29 10:09,2018/10/29 10:17,2018/10/29 10:19,,2018/10/29 9:48,0:08:16,0:08:16,312,00,08,06,06,2018/10/29 9:48,2018/10/29 10:16,43402.408333333343402.4277777778,#N/A,,2018/10/29 10:00,※10時以前に予約しているため,
-,-,10,2018/10/29 9:50,7180,乗客アプリ（目的地から）,2314,1181,7,1,,2018/10/29 10:03,2018/10/29 10:24,35.4587 139.625091,横浜アンパンマンこどもミュージアム,35.44291 139.650404,みなとみらい線　元町・中華街駅,2018/10/29 10:02,2018/10/29 10:06,2018/10/29 10:17,2018/10/29 10:29,,2018/10/29 9:50,0:20:35,0:20:35,,01,03,,,2018/10/29 9:50,2018/10/29 10:24,43402.409722222243402.4333333333,#N/A,,2018/10/29 10:00,※10時以前に予約しているため,
-,-,10,2018/10/29 10:01,7185,まちかど設置端末（地図から）,0,1052,7,1,,2018/10/29 10:04,2018/10/29 10:26,35.4587 139.625091,横浜アンパンマンこどもミュージアム,35.441441 139.648505,横浜中華街朱雀門,2018/10/29 10:06,2018/10/29 10:06,2018/10/29 10:24,2018/10/29 10:32,,2018/10/29 10:01,0:22:19,0:22:19,,00,02,,,2018/10/29 10:01,2018/10/29 10:26,43402.417361111143402.4347222222,#N/A,,,,
★,-,10,2018/10/29 10:02,7186,乗客アプリ（目的地から）,4303,728,9,2,,2018/10/29 10:26,2018/10/29 10:32,35.45256 139.630848,ニューオータニイン横浜プレミアム,35.4587 139.625091,横浜アンパンマンこどもミュージアム,2018/10/29 10:32,2018/10/29 10:32,2018/10/29 10:42,2018/10/29 10:42,2018/10/29 10:32,2018/10/29 10:32,0:06:55,0:13:50,,00,00,,,2018/10/29 10:02,2018/10/29 10:32,43402.418055555643402.4388888889,#N/A,,,,
-,-,10,2018/10/29 10:02,7187,乗客アプリ（目的地から）,4311,727,7,2,,2018/10/29 10:09,2018/10/29 10:15,35.462896 139.63236,ホテルビスタプレミオみなとみらい,35.452963 139.642093,横浜赤レンガ倉庫,2018/10/29 10:11,2018/10/29 10:11,2018/10/29 10:21,2018/10/29 10:21,,2018/10/29 10:02,0:05:56,0:11:52,,00,06,,,2018/10/29 10:02,2018/10/29 10:15,43402.418055555643402.4270833333,#N/A,,,,
-,-,10,2018/10/29 10:02,7188,まちかど設置端末（地図から）,0,580,5,1,,2018/10/29 10:07,2018/10/29 10:27,35.4587 139.625091,横浜アンパンマンこどもミュージアム,35.451031 139.647069,横浜港大さん橋国際客船ターミナル,2018/10/29 10:05,2018/10/29 10:05,2018/10/29 10:19,2018/10/29 10:31,,2018/10/29 10:02,0:19:42,0:19:42,,02,04,,,2018/10/29 10:02,2018/10/29 10:27,43402.418055555643402.4354166667,#N/A,,,,
-,-,10,2018/10/29 10:07,7191,乗客アプリ（地図から）,1666,1272,5,1,,2018/10/29 10:07,2018/10/29 10:24,35.4587 139.625091,横浜アンパンマンこどもミュージアム,35.443908 139.635249,イセザキ・モール,2018/10/29 10:11,2018/10/29 10:11,2018/10/29 10:23,2018/10/29 10:23,,2018/10/29 10:07,0:16:35,0:16:35,,00,00,,,2018/10/29 10:07,2018/10/29 10:24,43402.421527777843402.4333333333,#N/A,,,,
-,-,10,2018/10/29 10:07,7192,乗客アプリ（地図から）,1232,691,6,2,,2018/10/29 10:13,2018/10/29 10:23,35.44291 139.650404,みなとみらい線　元町・中華街駅,35.443569 139.641792,ダイワロイネットホテル横浜公園,2018/10/29 10:16,2018/10/29 10:16,2018/10/29 10:25,2018/10/29 10:25,,2018/10/29 10:07,0:09:43,0:19:26,,00,06,,,2018/10/29 10:07,2018/10/29 10:23,43402.421527777843402.4326388889,#N/A,,,,
-,-,10,2018/10/29 10:08,7193,まちかど設置端末（地図から）,0,465,4,1,,2018/10/29 10:11,2018/10/29 10:24,35.454425 139.64064,ＪＩＣＡ横浜 （海外移住資料館）,35.458507 139.628741,みなとみらいグランドセントラルタワー,2018/10/29 10:11,2018/10/29 10:11,2018/10/29 10:21,2018/10/29 10:29,,2018/10/29 10:08,0:12:58,0:12:58,,00,03,,,2018/10/29 10:08,2018/10/29 10:24,43402.422222222243402.4333333333,#N/A,,,,
-,-,10,2018/10/29 10:08,7194,乗客アプリ（目的地から）,3457,595,10,1,,2018/10/29 10:13,2018/10/29 10:18,35.450447 139.635947,みなとみらい線　馬車道駅,35.454211 139.642721,MARINE & WALK YOKOHAMA,2018/10/29 10:13,2018/10/29 10:13,2018/10/29 10:20,2018/10/29 10:20,,2018/10/29 10:08,0:04:25,0:04:25,,00,05,,,2018/10/29 10:08,2018/10/29 10:18,43402.422222222243402.4291666667,#N/A,,,,
-,-,10,2018/10/29 10:11,7195,まちかど設置端末（店舗から）,0,454,4,4,,2018/10/29 10:17,2018/10/29 10:29,35.456605 139.635327,横浜ベイホテル東急,35.4587 139.625091,横浜アンパンマンこどもミュージアム,2018/10/29 10:21,2018/10/29 10:21,2018/10/29 10:36,2018/10/29 10:36,,2018/10/29 10:11,0:11:20,0:45:20,,00,06,,,2018/10/29 10:11,2018/10/29 10:29,43402.424305555643402.4368055556,#N/A,,,,
-,-,10,2018/10/29 10:19,7197,乗客アプリ（地図から）,4034,1073,7,2,,2018/10/29 10:27,2018/10/29 10:29,35.441441 139.648505,横浜中華街朱雀門,35.443704 139.651332,ホテルメルパルク横浜,2018/10/29 10:26,2018/10/29 10:26,2018/10/29 10:30,2018/10/29 10:30,,2018/10/29 10:19,0:02:13,0:04:26,,00,07,,,2018/10/29 10:19,2018/10/29 10:29,43402.429861111143402.4368055556,肯定的,,,,
-,-,10,2018/10/29 10:20,7198,まちかど設置端末（地図から）,0,1166,4,1,,2018/10/29 10:29,2018/10/29 10:34,35.4587 139.625091,横浜アンパンマンこどもミュージアム,35.454389 139.630904,横浜ランドマークタワー,2018/10/29 10:29,2018/10/29 10:29,2018/10/29 10:36,2018/10/29 10:36,,2018/10/29 10:20,0:05:37,0:05:37,,00,09,,,2018/10/29 10:20,2018/10/29 10:34,43402.430555555643402.4402777778,#N/A,,,,
-,-,10,2018/10/29 10:20,7199,乗客アプリ（簡単予約）,4244,1263,1,2,,2018/10/29 10:26,2018/10/29 10:53,35.45256 139.630848,ニューオータニイン横浜プレミアム,35.443659 139.650847,横浜マリンタワー,2018/10/29 10:26,2018/10/29 10:26,2018/10/29 10:40,2018/10/29 10:40,,2018/10/29 10:20,0:27:31,0:55:02,,00,05,,,2018/10/29 10:20,2018/10/29 10:53,43402.430555555643402.4534722222,肯定的,,,,
-,-,10,2018/10/29 10:25,7200,まちかど設置端末（店舗から）,0,962,2,2,,2018/10/29 10:30,2018/10/29 10:36,35.454425 139.64064,ＪＩＣＡ横浜 （海外移住資料館）,35.443908 139.635249,イセザキ・モール,2018/10/29 10:31,2018/10/29 10:31,2018/10/29 10:41,2018/10/29 10:41,,2018/10/29 10:25,0:06:03,0:12:06,,00,04,,,2018/10/29 10:25,2018/10/29 10:36,43402.434027777843402.4416666667,#N/A,,,,
-,-,10,2018/10/29 10:41,7204,乗客アプリ（地図から）,4302,671,9,1,,2018/10/29 10:45,2018/10/29 10:56,35.45435 139.631762,横浜ロイヤルパークホテル,35.443073 139.651914,横浜人形の家,2018/10/29 10:46,2018/10/29 10:46,2018/10/29 10:59,2018/10/29 11:07,,2018/10/29 10:41,0:11:18,0:11:18,,00,04,,,2018/10/29 10:41,2018/10/29 10:56,43402.445138888943402.4555555556,肯定的,,,,
-,-,10,2018/10/29 10:43,7206,乗客アプリ（目的地から）,4073,1298,8,1,,2018/10/29 10:49,2018/10/29 11:04,35.450681 139.632446,横浜桜木町ワシントンホテル,35.443863 139.64702,ローズホテル横浜（横浜中華街内）,2018/10/29 10:51,2018/10/29 10:51,2018/10/29 11:10,2018/10/29 11:10,,2018/10/29 10:43,0:14:19,0:14:19,,00,06,,,2018/10/29 10:43,2018/10/29 11:04,43402.446527777843402.4611111111,#N/A,,,,
-,-,10,2018/10/29 10:47,7207,乗客アプリ（地図から）,3537,983,3,1,,2018/10/29 10:53,2018/10/29 10:59,35.443908 139.635249,イセザキ・モール,35.454211 139.642721,MARINE & WALK YOKOHAMA,2018/10/29 10:51,2018/10/29 10:51,2018/10/29 11:01,2018/10/29 11:01,,2018/10/29 10:47,0:06:29,0:06:29,,01,05,,,2018/10/29 10:47,2018/10/29 10:59,43402.449305555643402.4576388889,#N/A,,,,
-,-,10,2018/10/29 10:57,7208,乗客アプリ（簡単予約）,3545,553,1,1,,2018/10/29 11:07,2018/10/29 11:15,35.454389 139.630904,横浜ランドマークタワー,35.458507 139.628741,みなとみらいグランドセントラルタワー,2018/10/29 11:01,2018/10/29 11:02,2018/10/29 11:07,2018/10/29 11:17,,2018/10/29 10:57,0:08:12,0:08:12,,05,09,,,2018/10/29 10:57,2018/10/29 11:15,43402.4562543402.46875,#N/A,,,,
-,☆,10,2018/10/29 9:56,7181,乗客アプリ（地図から）,2291,510,2,1,2018/10/29 9:57,,,35.445857 139.647636,ホテルモントレ横浜,35.458507 139.628741,みなとみらいグランドセントラルタワー,2018/10/29 10:12,,2018/10/29 10:26,,,2018/10/29 9:56,0:00:00,0:00:00,,00,12,,,2018/10/29 9:56,1900/1/0 0:00,43402.41388888890,#N/A,,2018/10/29 10:00,※10時以前に予約しているため,21行と同一人物と思われるため一番短い待ち時間を採用
-,☆,10,2018/10/29 9:58,7182,乗客アプリ（地図から）,2291,416,2,1,2018/10/29 9:58,,,35.443863 139.64702,ローズホテル横浜（横浜中華街内）,35.458507 139.628741,みなとみらいグランドセントラルタワー,2018/10/29 10:12,,2018/10/29 10:26,,,2018/10/29 9:58,0:00:00,0:00:00,,00,,,,2018/10/29 9:58,1900/1/0 0:00,43402.41527777780,#N/A,,2018/10/29 10:00,※10時以前に予約しているため,22行と同一人物と思われるため一番短い待ち時間を採用
★,☆,10,2018/10/29 9:59,7183,乗客アプリ（目的地から）,4311,1269,2,2,2018/10/29 9:59,,,35.462896 139.63236,ホテルビスタプレミオみなとみらい,35.452963 139.642093,横浜赤レンガ倉庫,2018/10/29 10:29,,2018/10/29 10:38,,2018/10/29 10:29,2018/10/29 10:29,0:00:00,0:00:00,,00,00,,,2018/10/29 9:59,1900/1/0 0:00,43402.41597222220,#N/A,,24行と同一人物と思われるため一番短い待ち時間を採用,,
-,☆,10,2018/10/29 10:00,7184,乗客アプリ（目的地から）,4311,903,7,2,2018/10/29 10:00,,,35.462896 139.63236,ホテルビスタプレミオみなとみらい,35.452963 139.642093,横浜赤レンガ倉庫,2018/10/29 10:07,,2018/10/29 10:17,,,2018/10/29 10:00,0:00:00,0:00:00,,00,,,,2018/10/29 10:00,1900/1/0 0:00,43402.41666666670,#N/A,,23行と同一人物と思われるため一番短い待ち時間を採用,,
-,☆,10,2018/10/29 10:05,7189,乗客アプリ（地図から）,1232,833,10,2,2018/10/29 10:05,,,35.441002 139.650809,横浜元町ショッピングストリート,35.443569 139.641792,ダイワロイネットホテル横浜公園,2018/10/29 10:17,,2018/10/29 10:23,,,2018/10/29 10:05,0:00:00,0:00:00,,00,,,,2018/10/29 10:05,1900/1/0 0:00,43402.42013888890,#N/A,,26行と同一人物と思われるため一番短い待ち時間を採用,,
-,☆,10,2018/10/29 10:06,7190,乗客アプリ（地図から）,1232,438,6,1,2018/10/29 10:06,,,35.44291 139.650404,みなとみらい線　元町・中華街駅,35.443569 139.641792,ダイワロイネットホテル横浜公園,2018/10/29 10:16,,2018/10/29 10:24,,,2018/10/29 10:06,0:00:00,0:00:00,,00,10,,,2018/10/29 10:06,1900/1/0 0:00,43402.42083333330,#N/A,,25行と同一人物と思われるため一番短い待ち時間を採用,,
-,☆,10,2018/10/29 10:11,7196,まちかど設置端末（地図から）,0,661,1,1,2018/10/29 10:19,,,35.4587 139.625091,横浜アンパンマンこどもミュージアム,35.454389 139.630904,横浜ランドマークタワー,2018/10/29 10:15,,2018/10/29 10:19,,,2018/10/29 10:11,0:00:00,0:00:00,,00,08,,,2018/10/29 10:11,1900/1/0 0:00,43402.42430555560,#N/A,,,,
-,☆,10,2018/10/29 10:32,7201,乗客アプリ（目的地から）,4073,352,1,1,2018/10/29 10:41,,,35.450681 139.632446,横浜桜木町ワシントンホテル,35.443863 139.64702,ローズホテル横浜（横浜中華街内）,2018/10/29 10:38,,2018/10/29 10:47,,,2018/10/29 10:32,0:00:00,0:00:00,,00,09,,,2018/10/29 10:32,1900/1/0 0:00,43402.43888888890,#N/A,,,,
-,☆,10,2018/10/29 10:34,7202,乗客アプリ（簡単予約）,3545,609,8,1,2018/10/29 10:57,2018/10/29 10:41,,35.44291 139.650404,みなとみらい線　元町・中華街駅,35.454389 139.630904,横浜ランドマークタワー,2018/10/29 10:36,2018/10/29 10:36,2018/10/29 10:51,,,2018/10/29 10:34,,,,04,23,,,2018/10/29 10:34,1900/1/0 0:00,43402.44027777780,#N/A,,,,
-,☆,10,2018/10/29 10:41,7203,乗客アプリ（地図から）,3537,504,4,1,2018/10/29 10:47,,,35.454211 139.642721,MARINE & WALK YOKOHAMA,35.443908 139.635249,イセザキ・モール,2018/10/29 10:47,,2018/10/29 10:58,,,2018/10/29 10:41,0:00:00,0:00:00,,00,06,,,2018/10/29 10:41,1900/1/0 0:00,43402.44513888890,#N/A,,,,
-,☆,10,2018/10/29 10:43,7205,乗客アプリ（地図から）,2438,1078,9,1,2018/10/29 10:43,,,35.458507 139.628741,みなとみらいグランドセントラルタワー,35.443863 139.64702,ローズホテル横浜（横浜中華街内）,2018/10/29 10:51,,2018/10/29 11:05,,,2018/10/29 10:43,0:00:00,0:00:00,,00,08,,,2018/10/29 10:43,1900/1/0 0:00,43402.44652777780,#N/A,,,,
-,-,11,2018/10/29 11:05,7212,まちかど設置端末（地図から）,0,1094,7,1,,2018/10/29 11:09,2018/10/29 11:13,35.447541 139.644914,シルク博物館,35.450681 139.632446,横浜桜木町ワシントンホテル,2018/10/29 11:07,2018/10/29 11:07,2018/10/29 11:16,2018/10/29 11:16,,2018/10/29 11:05,0:04:21,0:04:21,172,01,03,04,04,2018/10/29 11:05,2018/10/29 11:13,43402.461805555643402.4673611111,#N/A,,,,
-,-,11,2018/10/29 11:06,7213,まちかど設置端末（地図から）,0,1087,1,1,,2018/10/29 11:07,2018/10/29 11:20,35.454389 139.630904,横浜ランドマークタワー,35.455715 139.638114,横浜みなとみらい万葉倶楽部,2018/10/29 11:10,2018/10/29 11:10,2018/10/29 11:22,2018/10/29 11:22,,2018/10/29 11:06,0:12:31,0:12:31,,00,00,,,2018/10/29 11:06,2018/10/29 11:20,43402.462543402.4722222222,#N/A,,,,
-,-,11,2018/10/29 11:26,7214,乗客アプリ（目的地から）,2314,711,5,1,,2018/10/29 11:29,2018/10/29 11:42,35.443704 139.651332,ホテルメルパルク横浜,35.450447 139.635947,みなとみらい線　馬車道駅,2018/10/29 11:28,2018/10/29 11:28,2018/10/29 11:39,2018/10/29 11:45,,2018/10/29 11:26,0:13:03,0:13:03,,01,03,,,2018/10/29 11:26,2018/10/29 11:42,43402.476388888943402.4875,肯定的,,,,
-,-,11,2018/10/29 11:29,7215,まちかど設置端末（地図から）,0,1254,3,1,,2018/10/29 11:31,2018/10/29 11:35,35.455715 139.638114,横浜みなとみらい万葉倶楽部,35.45256 139.630848,ニューオータニイン横浜プレミアム,2018/10/29 11:33,2018/10/29 11:33,2018/10/29 11:41,2018/10/29 11:41,,2018/10/29 11:29,0:04:17,0:04:17,,00,02,,,2018/10/29 11:29,2018/10/29 11:35,43402.478472222243402.4826388889,#N/A,,,,
-,-,11,2018/10/29 11:30,7216,乗客アプリ（目的地から）,4302,989,5,1,,2018/10/29 11:33,2018/10/29 11:48,35.445857 139.647636,ホテルモントレ横浜,35.452963 139.642093,横浜赤レンガ倉庫,2018/10/29 11:32,2018/10/29 11:33,2018/10/29 11:48,2018/10/29 11:51,,2018/10/29 11:30,0:15:43,0:15:43,,00,02,,,2018/10/29 11:30,2018/10/29 11:48,43402.479166666743402.4916666667,肯定的,,,,
-,-,11,2018/10/29 11:31,7217,まちかど設置端末（地図から）,0,960,10,1,,2018/10/29 11:37,2018/10/29 11:41,35.4587 139.625091,横浜アンパンマンこどもミュージアム,35.462896 139.63236,ホテルビスタプレミオみなとみらい,2018/10/29 11:35,2018/10/29 11:35,2018/10/29 11:41,2018/10/29 11:41,,2018/10/29 11:31,0:04:16,0:04:16,,01,05,,,2018/10/29 11:31,2018/10/29 11:41,43402.479861111143402.4868055556,#N/A,,,,
-,-,11,2018/10/29 11:32,7218,まちかど設置端末（店舗から）,0,1136,5,2,,2018/10/29 11:36,2018/10/29 11:53,35.447541 139.644914,シルク博物館,35.458187 139.636985,ヨコハマ グランド インターコンチネンタル ホテル／パシフィコ横浜,2018/10/29 11:35,2018/10/29 11:35,2018/10/29 11:59,2018/10/29 11:59,,2018/10/29 11:32,0:17:21,0:34:42,,00,03,,,2018/10/29 11:32,2018/10/29 11:53,43402.480555555643402.4951388889,#N/A,,,,
-,-,11,2018/10/29 11:35,7219,まちかど設置端末（店舗から）,0,626,3,1,,2018/10/29 11:43,2018/10/29 11:52,35.45435 139.631762,横浜ロイヤルパークホテル,35.443863 139.64702,ローズホテル横浜（横浜中華街内）,2018/10/29 11:40,2018/10/29 11:40,2018/10/29 11:51,2018/10/29 11:52,,2018/10/29 11:35,0:09:03,0:09:03,,03,08,,,2018/10/29 11:35,2018/10/29 11:52,43402.482638888943402.4944444444,#N/A,,,,
-,-,11,2018/10/29 11:35,7220,まちかど設置端末（店舗から）,0,1147,3,1,,2018/10/29 11:43,2018/10/29 11:52,35.45435 139.631762,横浜ロイヤルパークホテル,35.443863 139.64702,ローズホテル横浜（横浜中華街内）,2018/10/29 11:39,2018/10/29 11:39,2018/10/29 11:51,2018/10/29 11:51,,2018/10/29 11:35,0:09:03,0:09:03,,03,07,,,2018/10/29 11:35,2018/10/29 11:52,43402.482638888943402.4944444444,#N/A,,,,
-,-,11,2018/10/29 11:36,7221,まちかど設置端末（地図から）,0,992,8,1,,2018/10/29 11:41,2018/10/29 11:51,35.443704 139.651332,ホテルメルパルク横浜,35.450681 139.632446,横浜桜木町ワシントンホテル,2018/10/29 11:40,2018/10/29 11:40,2018/10/29 11:51,2018/10/29 11:51,,2018/10/29 11:36,0:10:26,0:10:26,,01,04,,,2018/10/29 11:36,2018/10/29 11:51,43402.483333333343402.49375,#N/A,,,,
-,-,11,2018/10/29 11:42,7222,まちかど設置端末（地図から）,0,786,9,1,,2018/10/29 11:47,2018/10/29 12:02,35.4587 139.625091,横浜アンパンマンこどもミュージアム,35.441002 139.650809,横浜元町ショッピングストリート,2018/10/29 11:46,2018/10/29 11:48,2018/10/29 12:02,2018/10/29 12:08,,2018/10/29 11:42,0:14:27,0:14:27,,00,05,,,2018/10/29 11:42,2018/10/29 12:02,43402.487543402.5013888889,#N/A,,,,
-,-,11,2018/10/29 11:44,7223,まちかど設置端末（店舗から）,0,1234,9,2,,2018/10/29 11:52,2018/10/29 11:58,35.450447 139.635947,みなとみらい線　馬車道駅,35.443659 139.650847,横浜マリンタワー,2018/10/29 11:56,2018/10/29 11:56,2018/10/29 12:05,2018/10/29 12:05,,2018/10/29 11:44,0:05:52,0:11:44,,00,07,,,2018/10/29 11:44,2018/10/29 11:58,43402.488888888943402.4986111111,#N/A,,,,
-,-,11,2018/10/29 11:49,7224,乗客アプリ（簡単予約）,3545,990,7,1,,2018/10/29 11:51,2018/10/29 12:12,35.458507 139.628741,みなとみらいグランドセントラルタワー,35.44291 139.650404,みなとみらい線　元町・中華街駅,2018/10/29 11:51,2018/10/29 11:52,2018/10/29 12:06,2018/10/29 12:16,,2018/10/29 11:49,0:20:09,0:20:09,,00,02,,,2018/10/29 11:49,2018/10/29 12:12,43402.492361111143402.5083333333,#N/A,,,,
-,-,11,2018/10/29 11:50,7225,乗客アプリ（目的地から）,3744,1272,7,1,,2018/10/29 11:57,2018/10/29 12:06,35.462896 139.63236,ホテルビスタプレミオみなとみらい,35.451031 139.647069,横浜港大さん橋国際客船ターミナル,2018/10/29 11:56,2018/10/29 11:56,2018/10/29 12:10,2018/10/29 12:10,,2018/10/29 11:50,0:09:10,0:09:10,,00,06,,,2018/10/29 11:50,2018/10/29 12:06,43402.493055555643402.5041666667,#N/A,,,,
-,☆,11,2018/10/29 11:03,7211,まちかど設置端末（店舗から）,0,507,8,2,2018/10/29 11:08,,,35.443863 139.64702,ローズホテル横浜（横浜中華街内）,35.451031 139.647069,横浜港大さん橋国際客船ターミナル,2018/10/29 11:05,,2018/10/29 11:11,,,2018/10/29 11:03,0:00:00,0:00:00,,00,05,,,2018/10/29 11:03,1900/1/0 0:00,43402.46041666670,#N/A,,,,
-,☆,11,2018/10/29 10:58,7209,まちかど設置端末（地図から）,0,870,1,1,2018/10/29 11:05,,,35.454389 139.630904,横浜ランドマークタワー,35.455715 139.638114,横浜みなとみらい万葉倶楽部,2018/10/29 11:02,,2018/10/29 11:14,,,2018/10/29 10:58,0:00:00,0:00:00,,00,06,,,2018/10/29 10:58,1900/1/0 0:00,43402.45694444440,#N/A,,,,
★,☆,11,2018/10/29 10:59,7210,乗客アプリ（目的地から）,988,463,5,1,2018/10/29 11:14,,,35.462896 139.63236,ホテルビスタプレミオみなとみらい,35.451031 139.647069,横浜港大さん橋国際客船ターミナル,2018/10/29 11:59,,2018/10/29 12:13,,2018/10/29 11:59,2018/10/29 11:59,0:00:00,0:00:00,,00,00,,,2018/10/29 10:59,1900/1/0 0:00,43402.45763888890,#N/A,,,,
-,-,12,2018/10/29 12:04,7227,乗客アプリ（地図から）,2438,640,1,1,,2018/10/29 12:12,2018/10/29 12:25,35.458507 139.628741,みなとみらいグランドセントラルタワー,35.443863 139.64702,ローズホテル横浜（横浜中華街内）,2018/10/29 12:06,2018/10/29 12:10,2018/10/29 12:23,2018/10/29 12:29,,2018/10/29 12:04,0:12:18,0:12:18,159,05,08,06,04,2018/10/29 12:04,2018/10/29 12:25,43402.502777777843402.5173611111,#N/A,,,,
-,-,12,2018/10/29 12:09,7229,乗客アプリ（地図から）,4270,853,10,1,,2018/10/29 12:16,2018/10/29 12:24,35.455715 139.638114,横浜みなとみらい万葉倶楽部,35.462896 139.63236,ホテルビスタプレミオみなとみらい,2018/10/29 12:16,2018/10/29 12:16,2018/10/29 12:24,2018/10/29 12:24,,2018/10/29 12:09,0:07:39,0:07:39,,00,06,,,2018/10/29 12:09,2018/10/29 12:24,43402.5062543402.5166666667,#N/A,,,,
-,-,12,2018/10/29 12:13,7230,まちかど設置端末（地図から）,0,913,9,1,,2018/10/29 12:19,2018/10/29 12:21,35.451031 139.647069,横浜港大さん橋国際客船ターミナル,35.445783 139.642958,横浜情報文化センター,2018/10/29 12:17,2018/10/29 12:20,2018/10/29 12:22,2018/10/29 12:25,,2018/10/29 12:13,0:02:38,0:02:38,,01,05,,,2018/10/29 12:13,2018/10/29 12:21,43402.509027777843402.5145833333,#N/A,,,,
-,-,12,2018/10/29 12:18,7232,乗客アプリ（地図から）,3028,474,9,2,,2018/10/29 12:25,2018/10/29 12:30,35.443863 139.64702,ローズホテル横浜（横浜中華街内）,35.448676 139.635696,横浜平和プラザホテル,2018/10/29 12:28,2018/10/29 12:28,2018/10/29 12:37,2018/10/29 12:37,,2018/10/29 12:18,0:04:44,0:09:28,,00,07,,,2018/10/29 12:18,2018/10/29 12:30,43402.512543402.5208333333,#N/A,,,,
-,-,12,2018/10/29 12:20,7233,乗客アプリ（地図から）,2092,454,9,1,,2018/10/29 12:25,2018/10/29 12:37,35.443863 139.64702,ローズホテル横浜（横浜中華街内）,35.453715 139.638133,横浜ワールドポーターズ,2018/10/29 12:26,2018/10/29 12:26,2018/10/29 12:45,2018/10/29 12:45,,2018/10/29 12:20,0:11:49,0:11:49,,00,05,,,2018/10/29 12:20,2018/10/29 12:37,43402.513888888943402.5256944444,#N/A,,,,
-,-,12,2018/10/29 12:21,7234,乗客アプリ（地図から）,3674,562,6,1,,2018/10/29 12:23,2018/10/29 12:32,35.443659 139.650847,横浜マリンタワー,35.454389 139.630904,横浜ランドマークタワー,2018/10/29 12:23,2018/10/29 12:23,2018/10/29 12:42,2018/10/29 12:42,,2018/10/29 12:21,0:08:57,0:08:57,,00,02,,,2018/10/29 12:21,2018/10/29 12:32,43402.514583333343402.5222222222,#N/A,,,,
-,-,12,2018/10/29 12:26,7235,まちかど設置端末（地図から）,0,457,2,1,,2018/10/29 12:31,2018/10/29 12:39,35.445783 139.642958,横浜情報文化センター,35.450447 139.635947,みなとみらい線　馬車道駅,2018/10/29 12:28,2018/10/29 12:28,2018/10/29 12:39,2018/10/29 12:39,,2018/10/29 12:26,0:07:55,0:07:55,,02,04,,,2018/10/29 12:26,2018/10/29 12:39,43402.518055555643402.5270833333,#N/A,,,,
-,-,12,2018/10/29 12:31,7236,まちかど設置端末（地図から）,0,1293,7,1,,2018/10/29 12:35,2018/10/29 12:47,35.458507 139.628741,みなとみらいグランドセントラルタワー,35.441002 139.650809,横浜元町ショッピングストリート,2018/10/29 12:34,2018/10/29 12:34,2018/10/29 12:53,2018/10/29 12:53,,2018/10/29 12:31,0:12:46,0:12:46,,00,03,,,2018/10/29 12:31,2018/10/29 12:47,43402.521527777843402.5326388889,#N/A,,,,
-,-,12,2018/10/29 12:31,7237,乗客アプリ（地図から）,4311,1192,10,2,,2018/10/29 12:36,2018/10/29 12:45,35.452963 139.642093,横浜赤レンガ倉庫,35.441002 139.650809,横浜元町ショッピングストリート,2018/10/29 12:39,2018/10/29 12:39,2018/10/29 12:52,2018/10/29 12:52,,2018/10/29 12:31,0:09:18,0:18:36,,00,04,,,2018/10/29 12:31,2018/10/29 12:45,43402.521527777843402.53125,#N/A,,,,
-,-,12,2018/10/29 12:38,7238,まちかど設置端末（地図から）,0,805,3,2,,2018/10/29 12:42,2018/10/29 12:49,35.447541 139.644914,シルク博物館,35.45256 139.630848,ニューオータニイン横浜プレミアム,2018/10/29 12:40,2018/10/29 12:40,2018/10/29 12:54,2018/10/29 12:54,,2018/10/29 12:38,0:07:12,0:14:24,,01,04,,,2018/10/29 12:38,2018/10/29 12:49,43402.526388888943402.5340277778,#N/A,,,,
-,-,12,2018/10/29 12:45,7239,まちかど設置端末（地図から）,0,324,3,1,,2018/10/29 12:54,2018/10/29 13:02,35.450447 139.635947,みなとみらい線　馬車道駅,35.4587 139.625091,横浜アンパンマンこどもミュージアム,2018/10/29 12:52,2018/10/29 12:52,2018/10/29 13:10,2018/10/29 13:10,,2018/10/29 12:45,0:08:34,0:08:34,,02,09,,,2018/10/29 12:45,2018/10/29 13:02,43402.5312543402.5430555556,#N/A,,,,
-,-,12,2018/10/29 12:46,7240,乗客アプリ（地図から）,4302,1084,9,1,,2018/10/29 12:48,2018/10/29 12:57,35.452963 139.642093,横浜赤レンガ倉庫,35.441002 139.650809,横浜元町ショッピングストリート,2018/10/29 12:50,2018/10/29 12:50,2018/10/29 13:02,2018/10/29 13:02,,2018/10/29 12:46,0:08:41,0:08:41,,00,01,,,2018/10/29 12:46,2018/10/29 12:57,43402.531944444443402.5395833333,肯定的,,,,
-,-,12,2018/10/29 12:46,7241,乗客アプリ（目的地から）,3587,989,8,1,,2018/10/29 12:49,2018/10/29 12:58,35.450681 139.632446,横浜桜木町ワシントンホテル,35.441002 139.650809,横浜元町ショッピングストリート,2018/10/29 12:50,2018/10/29 12:50,2018/10/29 13:04,2018/10/29 13:08,,2018/10/29 12:46,0:08:39,0:08:39,,00,02,,,2018/10/29 12:46,2018/10/29 12:58,43402.531944444443402.5402777778,#N/A,,,,
-,-,12,2018/10/29 12:49,7242,乗客アプリ（目的地から）,2314,442,8,1,,2018/10/29 13:07,2018/10/29 13:14,35.448676 139.635696,横浜平和プラザホテル,35.447541 139.644914,シルク博物館,2018/10/29 12:55,2018/10/29 12:55,2018/10/29 13:02,2018/10/29 13:02,,2018/10/29 12:49,0:07:32,0:07:32,,12,17,,,2018/10/29 12:49,2018/10/29 13:14,43402.534027777843402.5513888889,#N/A,,,,
★,-,12,2018/10/29 12:51,7243,乗客アプリ（簡単予約）,2161,897,4,1,,2018/10/29 13:58,2018/10/29 14:07,35.451031 139.647069,横浜港大さん橋国際客船ターミナル,35.443908 139.635249,イセザキ・モール,2018/10/29 13:51,2018/10/29 13:59,2018/10/29 14:01,2018/10/29 14:11,2018/10/29 13:51,2018/10/29 13:51,0:09:08,0:09:08,,07,07,,,2018/10/29 12:51,2018/10/29 14:07,43402.535416666743402.5881944444,#N/A,,,,
-,-,12,2018/10/29 12:54,7245,乗客アプリ（地図から）,2438,524,1,1,,2018/10/29 12:57,2018/10/29 13:07,35.443863 139.64702,ローズホテル横浜（横浜中華街内）,35.458507 139.628741,みなとみらいグランドセントラルタワー,2018/10/29 12:57,2018/10/29 12:57,2018/10/29 13:15,2018/10/29 13:15,,2018/10/29 12:54,0:10:14,0:10:14,,00,02,,,2018/10/29 12:54,2018/10/29 13:07,43402.537543402.5465277778,肯定的,,,,
-,☆,12,2018/10/29 12:00,7226,乗客アプリ（地図から）,2438,1076,5,1,2018/10/29 12:02,,,35.458507 139.628741,みなとみらいグランドセントラルタワー,35.443863 139.64702,ローズホテル横浜（横浜中華街内）,2018/10/29 12:02,,2018/10/29 12:19,,,2018/10/29 12:00,0:00:00,0:00:00,,00,02,,,2018/10/29 12:00,1900/1/0 0:00,43402.50,#N/A,,,,
-,☆,12,2018/10/29 12:08,7228,乗客アプリ（目的地から）,2314,1092,1,1,2018/10/29 12:27,,,35.450447 139.635947,みなとみらい線　馬車道駅,35.447541 139.644914,シルク博物館,2018/10/29 12:19,,2018/10/29 12:26,,,2018/10/29 12:08,0:00:00,0:00:00,,00,18,,,2018/10/29 12:08,1900/1/0 0:00,43402.50555555560,#N/A,,,,
-,☆,12,2018/10/29 12:15,7231,乗客アプリ（地図から）,2092,645,7,1,2018/10/29 12:17,,,35.445857 139.647636,ホテルモントレ横浜,35.453715 139.638133,横浜ワールドポーターズ,2018/10/29 12:16,,2018/10/29 12:27,,,2018/10/29 12:15,0:00:00,0:00:00,,00,02,,,2018/10/29 12:15,1900/1/0 0:00,43402.51041666670,#N/A,,,,
-,-,13,2018/10/29 13:04,7246,まちかど設置端末（地図から）,0,1134,10,1,,2018/10/29 13:07,2018/10/29 13:15,35.458187 139.636985,ヨコハマ グランド インターコンチネンタル ホテル／パシフィコ横浜,35.443569 139.641792,ダイワロイネットホテル横浜公園,2018/10/29 13:08,2018/10/29 13:08,2018/10/29 13:23,2018/10/29 13:23,,2018/10/29 13:04,0:07:53,0:07:53,289,00,03,04,04,2018/10/29 13:04,2018/10/29 13:15,43402.544444444443402.5520833333,#N/A,,,,
-,-,13,2018/10/29 13:09,7247,乗客アプリ（地図から）,3738,666,1,1,,2018/10/29 13:12,2018/10/29 13:25,35.45435 139.631762,横浜ロイヤルパークホテル,35.441002 139.650809,横浜元町ショッピングストリート,2018/10/29 13:13,2018/10/29 13:13,2018/10/29 13:29,2018/10/29 13:29,,2018/10/29 13:09,0:12:26,0:12:26,,00,02,,,2018/10/29 13:09,2018/10/29 13:25,43402.547916666743402.5590277778,#N/A,,,,
-,-,13,2018/10/29 13:14,7248,まちかど設置端末（地図から）,0,1039,2,1,,2018/10/29 13:21,2018/10/29 13:44,35.443073 139.651914,横浜人形の家,35.454211 139.642721,MARINE & WALK YOKOHAMA,2018/10/29 13:24,2018/10/29 13:24,2018/10/29 13:40,2018/10/29 13:50,,2018/10/29 13:14,0:22:24,0:22:24,,00,06,,,2018/10/29 13:14,2018/10/29 13:44,43402.551388888943402.5722222222,#N/A,,,,
-,-,13,2018/10/29 13:21,7250,乗客アプリ（地図から）,3731,1093,2,1,,2018/10/29 13:28,2018/10/29 13:39,35.441441 139.648505,横浜中華街朱雀門,35.450447 139.635947,みなとみらい線　馬車道駅,2018/10/29 13:29,2018/10/29 13:29,2018/10/29 13:43,2018/10/29 13:46,,2018/10/29 13:21,0:10:33,0:10:33,,00,07,,,2018/10/29 13:21,2018/10/29 13:39,43402.5562543402.56875,#N/A,,,,
-,-,13,2018/10/29 13:23,7251,まちかど設置端末（店舗から）,0,1043,10,1,,2018/10/29 13:28,2018/10/29 13:33,35.447541 139.644914,シルク博物館,35.450681 139.632446,横浜桜木町ワシントンホテル,2018/10/29 13:24,2018/10/29 13:24,2018/10/29 13:35,2018/10/29 13:35,,2018/10/29 13:23,0:05:32,0:05:32,,03,05,,,2018/10/29 13:23,2018/10/29 13:33,43402.557638888943402.5645833333,#N/A,,,,
-,-,13,2018/10/29 13:24,7252,まちかど設置端末（店舗から）,0,549,3,1,,2018/10/29 13:33,2018/10/29 13:50,35.450681 139.632446,横浜桜木町ワシントンホテル,35.443659 139.650847,横浜マリンタワー,2018/10/29 13:34,2018/10/29 13:34,2018/10/29 13:47,2018/10/29 13:52,,2018/10/29 13:24,0:16:57,0:16:57,,00,09,,,2018/10/29 13:24,2018/10/29 13:50,43402.558333333343402.5763888889,#N/A,,,,
-,-,13,2018/10/29 13:25,7253,乗客アプリ（目的地から）,985,963,2,1,,2018/10/29 13:32,2018/10/29 13:50,35.443659 139.650847,横浜マリンタワー,35.458507 139.628741,みなとみらいグランドセントラルタワー,2018/10/29 13:33,2018/10/29 13:33,2018/10/29 14:06,2018/10/29 14:08,,2018/10/29 13:25,0:18:06,0:18:06,,00,07,,,2018/10/29 13:25,2018/10/29 13:50,43402.559027777843402.5763888889,#N/A,,,,
-,-,13,2018/10/29 13:29,7254,乗客アプリ（目的地から）,2314,381,1,1,,2018/10/29 13:34,2018/10/29 14:03,35.445857 139.647636,ホテルモントレ横浜,35.4587 139.625091,横浜アンパンマンこどもミュージアム,2018/10/29 13:32,2018/10/29 13:32,2018/10/29 13:51,2018/10/29 14:00,,2018/10/29 13:29,0:29:27,0:29:27,,01,04,,,2018/10/29 13:29,2018/10/29 14:03,43402.561805555643402.5854166667,#N/A,,,,
-,-,13,2018/10/29 13:29,7255,乗客アプリ（簡単予約）,3099,827,3,1,,2018/10/29 13:32,2018/10/29 13:42,35.450681 139.632446,横浜桜木町ワシントンホテル,35.443569 139.641792,ダイワロイネットホテル横浜公園,2018/10/29 13:31,2018/10/29 13:31,2018/10/29 13:45,2018/10/29 13:45,,2018/10/29 13:29,0:10:13,0:10:13,,00,02,,,2018/10/29 13:29,2018/10/29 13:42,43402.561805555643402.5708333333,#N/A,,,,
★,-,13,2018/10/29 13:32,7256,乗客アプリ（簡単予約）,4026,1155,2,1,,2018/10/29 14:30,2018/10/29 14:34,35.454389 139.630904,横浜ランドマークタワー,35.452963 139.642093,横浜赤レンガ倉庫,2018/10/29 14:32,2018/10/29 14:32,2018/10/29 14:44,2018/10/29 14:44,2018/10/29 14:32,2018/10/29 14:32,0:04:12,0:04:12,,00,00,,,2018/10/29 13:32,2018/10/29 14:34,43402.563888888943402.6069444444,肯定的,,,,
-,-,13,2018/10/29 13:34,7257,まちかど設置端末（地図から）,0,438,1,1,,2018/10/29 13:46,2018/10/29 14:05,35.451031 139.647069,横浜港大さん橋国際客船ターミナル,35.458507 139.628741,みなとみらいグランドセントラルタワー,2018/10/29 13:40,2018/10/29 13:44,2018/10/29 14:02,2018/10/29 14:10,,2018/10/29 13:34,0:19:40,0:19:40,,05,12,,,2018/10/29 13:34,2018/10/29 14:05,43402.565277777843402.5868055556,#N/A,,,,
-,-,13,2018/10/29 13:34,7258,まちかど設置端末（地図から）,0,1031,6,1,,2018/10/29 13:39,2018/10/29 13:42,35.458187 139.636985,ヨコハマ グランド インターコンチネンタル ホテル／パシフィコ横浜,35.4587 139.625091,横浜アンパンマンこどもミュージアム,2018/10/29 13:40,2018/10/29 13:40,2018/10/29 13:49,2018/10/29 13:49,,2018/10/29 13:34,0:03:26,0:03:26,,00,04,,,2018/10/29 13:34,2018/10/29 13:42,43402.565277777843402.5708333333,#N/A,,,,
-,-,13,2018/10/29 13:35,7259,乗客アプリ（簡単予約）,3814,918,1,1,,2018/10/29 13:38,2018/10/29 13:54,35.445857 139.647636,ホテルモントレ横浜,35.45256 139.630848,ニューオータニイン横浜プレミアム,2018/10/29 13:39,2018/10/29 13:39,2018/10/29 13:57,2018/10/29 13:57,,2018/10/29 13:35,0:16:30,0:16:30,,00,03,,,2018/10/29 13:35,2018/10/29 13:54,43402.565972222243402.5791666667,#N/A,,,,
-,-,13,2018/10/29 13:42,7261,まちかど設置端末（地図から）,0,1098,3,1,,2018/10/29 13:51,2018/10/29 14:24,35.443704 139.651332,ホテルメルパルク横浜,35.458507 139.628741,みなとみらいグランドセントラルタワー,2018/10/29 13:49,2018/10/29 13:54,2018/10/29 14:09,2018/10/29 14:21,,2018/10/29 13:42,0:32:56,0:32:56,,02,09,,,2018/10/29 13:42,2018/10/29 14:24,43402.570833333343402.6,#N/A,,,,
-,-,13,2018/10/29 13:43,7263,乗客アプリ（地図から）,1339,345,6,1,,2018/10/29 13:45,2018/10/29 13:49,35.458507 139.628741,みなとみらいグランドセントラルタワー,35.453715 139.638133,横浜ワールドポーターズ,2018/10/29 13:46,2018/10/29 13:46,2018/10/29 13:58,2018/10/29 14:02,,2018/10/29 13:43,0:03:42,0:03:42,,00,01,,,2018/10/29 13:43,2018/10/29 13:49,43402.571527777843402.5756944444,#N/A,,,,
-,-,13,2018/10/29 13:44,7265,乗客アプリ（地図から）,3988,1068,7,1,,2018/10/29 13:48,2018/10/29 13:56,35.450681 139.632446,横浜桜木町ワシントンホテル,35.447541 139.644914,シルク博物館,2018/10/29 13:49,2018/10/29 13:53,2018/10/29 13:59,2018/10/29 14:04,,2018/10/29 13:44,0:08:07,0:08:07,,00,04,,,2018/10/29 13:44,2018/10/29 13:56,43402.572222222243402.5805555556,#N/A,,,,
-,-,13,2018/10/29 13:44,7266,乗客アプリ（目的地から）,4327,882,7,1,,2018/10/29 13:49,2018/10/29 13:56,35.450681 139.632446,横浜桜木町ワシントンホテル,35.447541 139.644914,シルク博物館,2018/10/29 13:49,2018/10/29 13:52,2018/10/29 13:59,2018/10/29 14:03,,2018/10/29 13:44,0:06:43,0:06:43,,00,05,,,2018/10/29 13:44,2018/10/29 13:56,43402.572222222243402.5805555556,#N/A,,,,
-,-,13,2018/10/29 13:45,7267,乗客アプリ（目的地から）,1663,1048,4,2,,2018/10/29 13:50,2018/10/29 13:58,35.443569 139.641792,ダイワロイネットホテル横浜公園,35.451031 139.647069,横浜港大さん橋国際客船ターミナル,2018/10/29 13:50,2018/10/29 13:50,2018/10/29 13:59,2018/10/29 13:58,,2018/10/29 13:45,0:07:47,0:15:34,,00,05,,,2018/10/29 13:45,2018/10/29 13:58,43402.572916666743402.5819444444,#N/A,,,,
-,-,13,2018/10/29 13:45,7268,乗客アプリ（地図から）,3989,645,7,1,,2018/10/29 13:48,2018/10/29 13:56,35.450681 139.632446,横浜桜木町ワシントンホテル,35.447541 139.644914,シルク博物館,2018/10/29 13:52,2018/10/29 13:52,2018/10/29 14:03,2018/10/29 14:03,,2018/10/29 13:45,0:08:03,0:08:03,,00,02,,,2018/10/29 13:45,2018/10/29 13:56,43402.572916666743402.5805555556,#N/A,,,,
-,-,13,2018/10/29 13:48,7269,乗客アプリ（地図から）,4302,949,3,1,,2018/10/29 13:56,2018/10/29 14:02,35.441002 139.650809,横浜元町ショッピングストリート,35.445783 139.642958,横浜情報文化センター,2018/10/29 13:57,2018/10/29 13:57,2018/10/29 14:05,2018/10/29 14:05,,2018/10/29 13:48,0:05:25,0:05:25,,00,08,,,2018/10/29 13:48,2018/10/29 14:02,43402.57543402.5847222222,#N/A,,,,
-,-,13,2018/10/29 13:50,7270,まちかど設置端末（店舗から）,0,1240,4,1,,2018/10/29 13:59,2018/10/29 14:03,35.451031 139.647069,横浜港大さん橋国際客船ターミナル,35.443569 139.641792,ダイワロイネットホテル横浜公園,2018/10/29 13:58,2018/10/29 13:59,2018/10/29 14:05,2018/10/29 14:05,,2018/10/29 13:50,0:04:57,0:04:57,,00,08,,,2018/10/29 13:50,2018/10/29 14:03,43402.576388888943402.5854166667,#N/A,,,,
★,-,13,2018/10/29 13:53,7272,まちかど設置端末（地図から）,0,722,5,1,,2018/10/29 14:19,2018/10/29 14:26,35.454211 139.642721,MARINE & WALK YOKOHAMA,35.458507 139.628741,みなとみらいグランドセントラルタワー,2018/10/29 14:23,2018/10/29 14:23,2018/10/29 14:36,2018/10/29 14:36,2018/10/29 14:23,2018/10/29 14:23,0:06:58,0:06:58,,00,00,,,2018/10/29 13:53,2018/10/29 14:26,43402.578472222243402.6013888889,#N/A,,,,
-,-,13,2018/10/29 13:56,7273,まちかど設置端末（地図から）,0,1073,1,1,,2018/10/29 14:03,2018/10/29 14:18,35.4587 139.625091,横浜アンパンマンこどもミュージアム,35.441441 139.648505,横浜中華街朱雀門,2018/10/29 14:05,2018/10/29 14:05,2018/10/29 14:26,2018/10/29 14:26,,2018/10/29 13:56,0:14:22,0:14:22,,00,07,,,2018/10/29 13:56,2018/10/29 14:18,43402.580555555643402.5958333333,#N/A,,,,
-,-,13,2018/10/29 13:59,7274,乗客アプリ（目的地から）,985,525,2,1,,2018/10/29 14:03,2018/10/29 14:09,35.4587 139.625091,横浜アンパンマンこどもミュージアム,35.450681 139.632446,横浜桜木町ワシントンホテル,2018/10/29 14:04,2018/10/29 14:06,2018/10/29 14:13,2018/10/29 14:15,,2018/10/29 13:59,0:05:25,0:05:25,,00,03,,,2018/10/29 13:59,2018/10/29 14:09,43402.582638888943402.5895833333,#N/A,,,,
★,☆,13,2018/10/29 12:53,7244,まちかど設置端末（店舗から）,0,1025,4,2,2018/10/29 12:55,,,35.443863 139.64702,ローズホテル横浜（横浜中華街内）,35.451031 139.647069,横浜港大さん橋国際客船ターミナル,2018/10/29 13:22,,2018/10/29 13:29,,2018/10/29 13:22,2018/10/29 13:22,0:00:00,0:00:00,,00,00,,,2018/10/29 12:53,1900/1/0 0:00,43402.53680555560,#N/A,,,,
★,☆,13,2018/10/29 13:17,7249,乗客アプリ（目的地から）,3814,754,4,1,2018/10/29 13:18,,,35.445857 139.647636,ホテルモントレ横浜,35.45256 139.630848,ニューオータニイン横浜プレミアム,2018/10/29 13:47,,2018/10/29 14:10,,2018/10/29 13:47,2018/10/29 13:47,0:00:00,0:00:00,,00,00,,,2018/10/29 13:17,1900/1/0 0:00,43402.55347222220,#N/A,,,,
-,☆,13,2018/10/29 13:42,7262,乗客アプリ（目的地から）,1663,573,3,1,2018/10/29 13:45,,,35.443569 139.641792,ダイワロイネットホテル横浜公園,35.451031 139.647069,横浜港大さん橋国際客船ターミナル,2018/10/29 13:45,,2018/10/29 13:59,,,2018/10/29 13:42,0:00:00,0:00:00,,00,02,,,2018/10/29 13:42,1900/1/0 0:00,43402.57083333330,#N/A,,,,
-,☆,13,2018/10/29 13:44,7264,乗客アプリ（地図から）,3989,1120,6,1,2018/10/29 13:44,,,35.450681 139.632446,横浜桜木町ワシントンホテル,35.447541 139.644914,シルク博物館,2018/10/29 13:54,,2018/10/29 14:13,,,2018/10/29 13:44,0:00:00,0:00:00,,00,10,,,2018/10/29 13:44,1900/1/0 0:00,43402.57222222220,#N/A,,,,
-,☆,13,2018/10/29 13:52,7271,まちかど設置端末（店舗から）,0,555,4,1,2018/10/29 13:53,,,35.451031 139.647069,横浜港大さん橋国際客船ターミナル,35.443908 139.635249,イセザキ・モール,2018/10/29 13:58,,2018/10/29 14:10,,,2018/10/29 13:52,0:00:00,0:00:00,,00,06,,,2018/10/29 13:52,1900/1/0 0:00,43402.57777777780,#N/A,,,,
-,-,14,2018/10/29 14:01,7275,まちかど設置端末（店舗から）,0,961,2,2,,2018/10/29 14:03,2018/10/29 14:09,35.4587 139.625091,横浜アンパンマンこどもミュージアム,35.450681 139.632446,横浜桜木町ワシントンホテル,2018/10/29 14:05,2018/10/29 14:05,2018/10/29 14:16,2018/10/29 14:16,,2018/10/29 14:01,0:05:40,0:11:20,502,00,02,05,05,2018/10/29 14:01,2018/10/29 14:09,43402.584027777843402.5895833333,#N/A,,,,
-,-,14,2018/10/29 14:01,7276,乗客アプリ（簡単予約）,1121,592,3,1,,2018/10/29 14:07,2018/10/29 14:28,35.448801 139.636702,ホテルルートイン横浜馬車道,35.458187 139.636985,ヨコハマ グランド インターコンチネンタル ホテル／パシフィコ横浜,2018/10/29 14:09,2018/10/29 14:09,2018/10/29 14:28,2018/10/29 14:28,,2018/10/29 14:01,0:20:57,0:20:57,,00,06,,,2018/10/29 14:01,2018/10/29 14:28,43402.584027777843402.6027777778,#N/A,,,,
-,-,14,2018/10/29 14:08,7278,乗客アプリ（地図から）,2092,1228,7,1,,2018/10/29 14:11,2018/10/29 14:20,35.453715 139.638133,横浜ワールドポーターズ,35.462896 139.63236,ホテルビスタプレミオみなとみらい,2018/10/29 14:13,2018/10/29 14:13,2018/10/29 14:22,2018/10/29 14:27,,2018/10/29 14:08,0:08:49,0:08:49,,00,03,,,2018/10/29 14:08,2018/10/29 14:20,43402.588888888943402.5972222222,#N/A,,,,
-,-,14,2018/10/29 14:08,7279,乗客アプリ（地図から）,1841,1185,6,1,,2018/10/29 14:19,2018/10/29 14:35,35.458507 139.628741,みなとみらいグランドセントラルタワー,35.443863 139.64702,ローズホテル横浜（横浜中華街内）,2018/10/29 14:13,2018/10/29 14:17,2018/10/29 14:29,2018/10/29 14:39,,2018/10/29 14:08,0:16:17,0:16:17,,06,10,,,2018/10/29 14:08,2018/10/29 14:35,43402.588888888943402.6076388889,#N/A,,,,
-,-,14,2018/10/29 14:08,7280,乗客アプリ（地図から）,1751,674,6,1,,2018/10/29 14:16,2018/10/29 14:29,35.4587 139.625091,横浜アンパンマンこどもミュージアム,35.443908 139.635249,イセザキ・モール,2018/10/29 14:14,2018/10/29 14:14,2018/10/29 14:30,2018/10/29 14:30,,2018/10/29 14:08,0:12:25,0:12:25,,02,07,,,2018/10/29 14:08,2018/10/29 14:29,43402.588888888943402.6034722222,肯定的,,,,
-,-,14,2018/10/29 14:12,7281,乗客アプリ（目的地から）,1742,556,7,1,,2018/10/29 14:15,2018/10/29 14:45,35.4587 139.625091,横浜アンパンマンこどもミュージアム,35.441441 139.648505,横浜中華街朱雀門,2018/10/29 14:20,2018/10/29 14:20,2018/10/29 14:46,2018/10/29 14:50,,2018/10/29 14:12,0:29:58,0:29:58,,00,03,,,2018/10/29 14:12,2018/10/29 14:45,43402.591666666743402.6145833333,#N/A,,,,
-,-,14,2018/10/29 14:13,7282,乗客アプリ（目的地から）,3945,449,7,1,,2018/10/29 14:15,2018/10/29 14:32,35.4587 139.625091,横浜アンパンマンこどもミュージアム,35.454389 139.630904,横浜ランドマークタワー,2018/10/29 14:21,2018/10/29 14:21,2018/10/29 14:35,2018/10/29 14:35,,2018/10/29 14:13,0:17:10,0:17:10,,00,02,,,2018/10/29 14:13,2018/10/29 14:32,43402.592361111143402.6055555556,#N/A,,,,
-,-,14,2018/10/29 14:15,7284,乗客アプリ（目的地から）,1663,1201,9,2,,2018/10/29 14:17,2018/10/29 14:23,35.447541 139.644914,シルク博物館,35.453715 139.638133,横浜ワールドポーターズ,2018/10/29 14:17,2018/10/29 14:17,2018/10/29 14:29,2018/10/29 14:29,,2018/10/29 14:15,0:05:51,0:11:42,,00,02,,,2018/10/29 14:15,2018/10/29 14:23,43402.5937543402.5993055556,#N/A,,,,
-,-,14,2018/10/29 14:16,7285,まちかど設置端末（店舗から）,0,1221,8,2,,2018/10/29 14:19,2018/10/29 14:28,35.450681 139.632446,横浜桜木町ワシントンホテル,35.462896 139.63236,ホテルビスタプレミオみなとみらい,2018/10/29 14:20,2018/10/29 14:20,2018/10/29 14:34,2018/10/29 14:34,,2018/10/29 14:16,0:08:43,0:17:26,,00,03,,,2018/10/29 14:16,2018/10/29 14:28,43402.594444444443402.6027777778,#N/A,,,,
-,-,14,2018/10/29 14:21,7286,まちかど設置端末（店舗から）,0,1250,4,2,,2018/10/29 14:27,2018/10/29 14:37,35.451031 139.647069,横浜港大さん橋国際客船ターミナル,35.455715 139.638114,横浜みなとみらい万葉倶楽部,2018/10/29 14:27,2018/10/29 14:27,2018/10/29 14:44,2018/10/29 14:49,,2018/10/29 14:21,0:10:40,0:21:20,,00,05,,,2018/10/29 14:21,2018/10/29 14:37,43402.597916666743402.6090277778,#N/A,,,,
-,-,14,2018/10/29 14:22,7287,まちかど設置端末（地図から）,0,716,7,1,,2018/10/29 14:28,2018/10/29 14:39,35.4587 139.625091,横浜アンパンマンこどもミュージアム,35.451031 139.647069,横浜港大さん橋国際客船ターミナル,2018/10/29 14:30,2018/10/29 14:30,2018/10/29 14:49,2018/10/29 14:49,,2018/10/29 14:22,0:11:02,0:11:02,,00,05,,,2018/10/29 14:22,2018/10/29 14:39,43402.598611111143402.6104166667,#N/A,,,,
-,-,14,2018/10/29 14:23,7288,まちかど設置端末（地図から）,0,782,5,4,,2018/10/29 14:30,2018/10/29 14:36,35.4587 139.625091,横浜アンパンマンこどもミュージアム,35.450681 139.632446,横浜桜木町ワシントンホテル,2018/10/29 14:33,2018/10/29 14:33,2018/10/29 14:45,2018/10/29 14:45,,2018/10/29 14:23,0:06:20,0:25:20,,00,06,,,2018/10/29 14:23,2018/10/29 14:36,43402.599305555643402.6083333333,#N/A,,,,
-,-,14,2018/10/29 14:25,7289,まちかど設置端末（店舗から）,0,303,9,2,,2018/10/29 14:33,2018/10/29 14:41,35.450681 139.632446,横浜桜木町ワシントンホテル,35.443908 139.635249,イセザキ・モール,2018/10/29 14:33,2018/10/29 14:33,2018/10/29 14:43,2018/10/29 14:43,,2018/10/29 14:25,0:07:29,0:14:58,,00,07,,,2018/10/29 14:25,2018/10/29 14:41,43402.600694444443402.6118055556,#N/A,,,,
★,-,14,2018/10/29 14:25,7290,乗客アプリ（地図から）,4073,336,10,1,,2018/10/29 15:27,2018/10/29 15:33,35.447546 139.64358,横浜開港資料館,35.450681 139.632446,横浜桜木町ワシントンホテル,2018/10/29 15:25,2018/10/29 15:27,2018/10/29 15:35,2018/10/29 15:38,2018/10/29 15:25,2018/10/29 15:25,0:06:09,0:06:09,,01,01,,,2018/10/29 14:25,2018/10/29 15:33,43402.600694444443402.6479166667,#N/A,,,,
-,-,14,2018/10/29 14:26,7291,乗客アプリ（地図から）,2314,839,8,1,,2018/10/29 14:34,2018/10/29 15:03,35.458507 139.628741,みなとみらいグランドセントラルタワー,35.443073 139.651914,横浜人形の家,2018/10/29 14:34,2018/10/29 14:34,2018/10/29 14:53,2018/10/29 15:09,,2018/10/29 14:26,0:28:37,0:28:37,,00,08,,,2018/10/29 14:26,2018/10/29 15:03,43402.601388888943402.6270833333,#N/A,,,,
-,-,14,2018/10/29 14:27,7292,まちかど設置端末（店舗から）,0,1008,4,1,,2018/10/29 14:34,2018/10/29 14:43,35.454211 139.642721,MARINE & WALK YOKOHAMA,35.450681 139.632446,横浜桜木町ワシントンホテル,2018/10/29 14:39,2018/10/29 14:39,2018/10/29 14:58,2018/10/29 14:58,,2018/10/29 14:27,0:09:06,0:09:06,,00,06,,,2018/10/29 14:27,2018/10/29 14:43,43402.602083333343402.6131944444,#N/A,,,,
-,-,14,2018/10/29 14:30,7293,まちかど設置端末（店舗から）,0,897,8,4,,2018/10/29 14:38,2018/10/29 14:44,35.4587 139.625091,横浜アンパンマンこどもミュージアム,35.456605 139.635327,横浜ベイホテル東急,2018/10/29 14:41,2018/10/29 14:41,2018/10/29 14:54,2018/10/29 14:54,,2018/10/29 14:30,0:05:31,0:22:04,,00,08,,,2018/10/29 14:30,2018/10/29 14:44,43402.604166666743402.6138888889,#N/A,,,,
-,-,14,2018/10/29 14:32,7294,まちかど設置端末（店舗から）,0,796,3,2,,2018/10/29 14:36,2018/10/29 14:40,35.452963 139.642093,横浜赤レンガ倉庫,35.45435 139.631762,横浜ロイヤルパークホテル,2018/10/29 14:40,2018/10/29 14:40,2018/10/29 14:53,2018/10/29 14:53,,2018/10/29 14:32,0:04:27,0:08:54,,00,04,,,2018/10/29 14:32,2018/10/29 14:40,43402.605555555643402.6111111111,#N/A,,,,
-,-,14,2018/10/29 14:37,7296,乗客アプリ（目的地から）,1334,1140,10,1,,2018/10/29 14:44,2018/10/29 14:56,35.458507 139.628741,みなとみらいグランドセントラルタワー,35.443863 139.64702,ローズホテル横浜（横浜中華街内）,2018/10/29 14:45,2018/10/29 14:48,2018/10/29 15:01,2018/10/29 15:06,,2018/10/29 14:37,0:12:02,0:12:02,,00,07,,,2018/10/29 14:37,2018/10/29 14:56,43402.609027777843402.6222222222,#N/A,,,,
-,-,14,2018/10/29 14:39,7297,まちかど設置端末（店舗から）,0,1123,10,2,,2018/10/29 14:43,2018/10/29 14:49,35.4587 139.625091,横浜アンパンマンこどもミュージアム,35.454389 139.630904,横浜ランドマークタワー,2018/10/29 14:45,2018/10/29 14:45,2018/10/29 14:53,2018/10/29 14:53,,2018/10/29 14:39,0:06:00,0:12:00,,00,04,,,2018/10/29 14:39,2018/10/29 14:49,43402.610416666743402.6173611111,#N/A,,,,
-,-,14,2018/10/29 14:41,7298,乗客アプリ（目的地から）,4034,676,8,4,,2018/10/29 14:49,2018/10/29 15:10,35.456605 139.635327,横浜ベイホテル東急,35.441002 139.650809,横浜元町ショッピングストリート,2018/10/29 14:51,2018/10/29 14:51,2018/10/29 15:13,2018/10/29 15:13,,2018/10/29 14:41,0:21:18,1:25:12,,00,07,,,2018/10/29 14:41,2018/10/29 15:10,43402.611805555643402.6319444444,肯定的,,,,
-,-,14,2018/10/29 14:44,7299,乗客アプリ（地図から）,1339,610,5,1,,2018/10/29 14:48,2018/10/29 14:57,35.453715 139.638133,横浜ワールドポーターズ,35.458507 139.628741,みなとみらいグランドセントラルタワー,2018/10/29 14:49,2018/10/29 14:49,2018/10/29 14:59,2018/10/29 15:05,,2018/10/29 14:44,0:08:43,0:08:43,,00,03,,,2018/10/29 14:44,2018/10/29 14:57,43402.613888888943402.6229166667,#N/A,,,,
-,-,14,2018/10/29 14:46,7300,乗客アプリ（目的地から）,4302,316,6,1,,2018/10/29 14:52,2018/10/29 15:00,35.443569 139.641792,ダイワロイネットホテル横浜公園,35.45256 139.630848,ニューオータニイン横浜プレミアム,2018/10/29 14:50,2018/10/29 14:50,2018/10/29 15:02,2018/10/29 15:02,,2018/10/29 14:46,0:08:08,0:08:08,,01,06,,,2018/10/29 14:46,2018/10/29 15:00,43402.615277777843402.625,#N/A,,,,
-,-,14,2018/10/29 14:47,7301,乗客アプリ（簡単予約）,4244,643,4,2,,2018/10/29 14:53,2018/10/29 15:02,35.452963 139.642093,横浜赤レンガ倉庫,35.45256 139.630848,ニューオータニイン横浜プレミアム,2018/10/29 14:55,2018/10/29 14:55,2018/10/29 15:09,2018/10/29 15:09,,2018/10/29 14:47,0:09:11,0:18:22,,00,06,,,2018/10/29 14:47,2018/10/29 15:02,43402.615972222243402.6263888889,#N/A,,,,
-,-,14,2018/10/29 14:48,7302,乗客アプリ（目的地から）,1663,368,5,2,,2018/10/29 14:51,2018/10/29 15:02,35.453715 139.638133,横浜ワールドポーターズ,35.456605 139.635327,横浜ベイホテル東急,2018/10/29 14:54,2018/10/29 14:54,2018/10/29 15:13,2018/10/29 15:13,,2018/10/29 14:48,0:11:29,0:22:58,,00,02,,,2018/10/29 14:48,2018/10/29 15:02,43402.616666666743402.6263888889,#N/A,,,,
-,-,14,2018/10/29 14:48,7303,まちかど設置端末（店舗から）,0,668,9,1,,2018/10/29 14:53,2018/10/29 14:59,35.450447 139.635947,みなとみらい線　馬車道駅,35.44291 139.650404,みなとみらい線　元町・中華街駅,2018/10/29 14:55,2018/10/29 14:55,2018/10/29 15:05,2018/10/29 15:05,,2018/10/29 14:48,0:05:44,0:05:44,,00,04,,,2018/10/29 14:48,2018/10/29 14:59,43402.616666666743402.6243055556,#N/A,,,,
-,-,14,2018/10/29 14:49,7304,まちかど設置端末（地図から）,0,551,1,1,,2018/10/29 14:52,2018/10/29 14:58,35.458507 139.628741,みなとみらいグランドセントラルタワー,35.462896 139.63236,ホテルビスタプレミオみなとみらい,2018/10/29 14:53,2018/10/29 14:53,2018/10/29 14:58,2018/10/29 14:58,,2018/10/29 14:49,0:05:30,0:05:30,,00,03,,,2018/10/29 14:49,2018/10/29 14:58,43402.617361111143402.6236111111,#N/A,,,,
-,-,14,2018/10/29 14:55,7305,まちかど設置端末（地図から）,0,474,9,1,,2018/10/29 15:00,2018/10/29 15:29,35.443704 139.651332,ホテルメルパルク横浜,35.454389 139.630904,横浜ランドマークタワー,2018/10/29 15:02,2018/10/29 15:02,2018/10/29 15:21,2018/10/29 15:21,,2018/10/29 14:55,0:29:48,0:29:48,,00,04,,,2018/10/29 14:55,2018/10/29 15:29,43402.621527777843402.6451388889,#N/A,,,,
★,☆,14,2018/10/29 13:38,7260,まちかど設置端末（地図から）,0,666,3,1,2018/10/29 13:38,,,35.443863 139.64702,ローズホテル横浜（横浜中華街内）,35.456605 139.635327,横浜ベイホテル東急,2018/10/29 14:37,,2018/10/29 14:56,,2018/10/29 14:37,2018/10/29 14:37,0:00:00,0:00:00,,00,00,,,2018/10/29 13:38,1900/1/0 0:00,43402.56805555560,#N/A,,,,
-,☆,14,2018/10/29 14:06,7277,乗客アプリ（地図から）,1841,856,6,1,2018/10/29 14:08,,,35.458507 139.628741,みなとみらいグランドセントラルタワー,35.443863 139.64702,ローズホテル横浜（横浜中華街内）,2018/10/29 14:10,,2018/10/29 14:27,,,2018/10/29 14:06,0:00:00,0:00:00,,00,04,,,2018/10/29 14:06,1900/1/0 0:00,43402.58750,#N/A,,,,
-,☆,14,2018/10/29 14:14,7283,まちかど設置端末（店舗から）,0,819,3,2,2018/10/29 14:31,,,35.4587 139.625091,横浜アンパンマンこどもミュージアム,35.450681 139.632446,横浜桜木町ワシントンホテル,2018/10/29 14:22,,2018/10/29 14:41,,,2018/10/29 14:14,0:00:00,0:00:00,,00,17,,,2018/10/29 14:14,1900/1/0 0:00,43402.59305555560,#N/A,,,,
-,☆,14,2018/10/29 14:33,7295,まちかど設置端末（店舗から）,0,499,5,2,2018/10/29 14:38,,,35.4587 139.625091,横浜アンパンマンこどもミュージアム,35.454389 139.630904,横浜ランドマークタワー,2018/10/29 14:50,,2018/10/29 14:57,,,2018/10/29 14:33,0:00:00,0:00:00,,00,17,,,2018/10/29 14:33,1900/1/0 0:00,43402.606250,#N/A,,,,
-,-,15,2018/10/29 15:00,7306,まちかど設置端末（地図から）,0,462,1,2,,2018/10/29 15:11,2018/10/29 15:20,35.452963 139.642093,横浜赤レンガ倉庫,35.441441 139.648505,横浜中華街朱雀門,2018/10/29 15:09,2018/10/29 15:09,2018/10/29 15:21,2018/10/29 15:21,,2018/10/29 15:00,0:08:52,0:17:44,148,02,11,04,03,2018/10/29 15:00,2018/10/29 15:20,43402.62543402.6388888889,#N/A,,,,
-,-,15,2018/10/29 15:01,7307,まちかど設置端末（地図から）,0,836,9,1,,2018/10/29 15:04,2018/10/29 15:07,35.451031 139.647069,横浜港大さん橋国際客船ターミナル,35.445857 139.647636,ホテルモントレ横浜,2018/10/29 15:07,2018/10/29 15:07,2018/10/29 15:13,2018/10/29 15:13,,2018/10/29 15:01,0:02:35,0:02:35,,00,03,,,2018/10/29 15:01,2018/10/29 15:07,43402.625694444443402.6298611111,#N/A,,,,
-,-,15,2018/10/29 15:05,7308,乗客アプリ（目的地から）,2558,1205,10,1,,2018/10/29 15:12,2018/10/29 15:18,35.462896 139.63236,ホテルビスタプレミオみなとみらい,35.454211 139.642721,MARINE & WALK YOKOHAMA,2018/10/29 15:15,2018/10/29 15:15,2018/10/29 15:26,2018/10/29 15:26,,2018/10/29 15:05,0:06:33,0:06:33,,00,06,,,2018/10/29 15:05,2018/10/29 15:18,43402.628472222243402.6375,#N/A,,,,
-,-,15,2018/10/29 15:09,7309,乗客アプリ（目的地から）,2801,1092,9,1,,2018/10/29 15:16,2018/10/29 15:23,35.443569 139.641792,ダイワロイネットホテル横浜公園,35.45256 139.630848,ニューオータニイン横浜プレミアム,2018/10/29 15:15,2018/10/29 15:15,2018/10/29 15:27,2018/10/29 15:27,,2018/10/29 15:09,0:07:05,0:07:05,,01,07,,,2018/10/29 15:09,2018/10/29 15:23,43402.6312543402.6409722222,#N/A,,,,
-,-,15,2018/10/29 15:12,7310,乗客アプリ（地図から）,3175,616,6,1,,2018/10/29 15:19,2018/10/29 15:24,35.450681 139.632446,横浜桜木町ワシントンホテル,35.462896 139.63236,ホテルビスタプレミオみなとみらい,2018/10/29 15:20,2018/10/29 15:20,2018/10/29 15:33,2018/10/29 15:33,,2018/10/29 15:12,0:05:01,0:05:01,,00,07,,,2018/10/29 15:12,2018/10/29 15:24,43402.633333333343402.6416666667,#N/A,,,,
-,-,15,2018/10/29 15:13,7311,まちかど設置端末（店舗から）,0,1249,7,1,,2018/10/29 15:16,2018/10/29 15:22,35.4587 139.625091,横浜アンパンマンこどもミュージアム,35.456605 139.635327,横浜ベイホテル東急,2018/10/29 15:17,2018/10/29 15:17,2018/10/29 15:27,2018/10/29 15:27,,2018/10/29 15:13,0:06:24,0:06:24,,00,03,,,2018/10/29 15:13,2018/10/29 15:22,43402.634027777843402.6402777778,#N/A,,,,
-,-,15,2018/10/29 15:26,7312,乗客アプリ（簡単予約）,4026,737,1,1,,2018/10/29 15:35,2018/10/29 15:42,35.452963 139.642093,横浜赤レンガ倉庫,35.458187 139.636985,ヨコハマ グランド インターコンチネンタル ホテル／パシフィコ横浜,2018/10/29 15:34,2018/10/29 15:34,2018/10/29 15:43,2018/10/29 15:43,,2018/10/29 15:26,0:07:23,0:07:23,,01,08,,,2018/10/29 15:26,2018/10/29 15:42,43402.643055555643402.6541666667,肯定的,,,,
-,-,15,2018/10/29 15:26,7313,乗客アプリ（目的地から）,1162,1074,10,2,,2018/10/29 15:29,2018/10/29 15:39,35.448801 139.636702,ホテルルートイン横浜馬車道,35.451031 139.647069,横浜港大さん橋国際客船ターミナル,2018/10/29 15:31,2018/10/29 15:31,2018/10/29 15:50,2018/10/29 15:50,,2018/10/29 15:26,0:09:58,0:19:56,,00,03,,,2018/10/29 15:26,2018/10/29 15:39,43402.643055555643402.6520833333,#N/A,,,,
-,-,15,2018/10/29 15:27,7314,乗客アプリ（簡単予約）,2290,1202,8,1,,2018/10/29 15:31,2018/10/29 15:47,35.443073 139.651914,横浜人形の家,35.448676 139.635696,横浜平和プラザホテル,2018/10/29 15:29,2018/10/29 15:34,2018/10/29 15:40,2018/10/29 15:51,,2018/10/29 15:27,0:16:15,0:16:15,,01,03,,,2018/10/29 15:27,2018/10/29 15:47,43402.6437543402.6576388889,#N/A,,,,
-,-,15,2018/10/29 15:30,7315,まちかど設置端末（店舗から）,0,313,2,1,,2018/10/29 15:32,2018/10/29 15:40,35.458507 139.628741,みなとみらいグランドセントラルタワー,35.448801 139.636702,ホテルルートイン横浜馬車道,2018/10/29 15:32,2018/10/29 15:32,2018/10/29 15:43,2018/10/29 15:43,,2018/10/29 15:30,0:07:48,0:07:48,,00,02,,,2018/10/29 15:30,2018/10/29 15:40,43402.645833333343402.6527777778,#N/A,,,,
-,-,15,2018/10/29 15:30,7316,乗客アプリ（目的地から）,2314,486,8,1,,2018/10/29 15:36,2018/10/29 15:39,35.447541 139.644914,シルク博物館,35.443569 139.641792,ダイワロイネットホテル横浜公園,2018/10/29 15:40,2018/10/29 15:40,2018/10/29 15:43,2018/10/29 15:43,,2018/10/29 15:30,0:03:26,0:03:26,,00,05,,,2018/10/29 15:30,2018/10/29 15:39,43402.645833333343402.6520833333,#N/A,,,,
-,-,15,2018/10/29 15:32,7317,乗客アプリ（地図から）,1841,833,4,1,,2018/10/29 15:33,2018/10/29 15:44,35.443863 139.64702,ローズホテル横浜（横浜中華街内）,35.4587 139.625091,横浜アンパンマンこどもミュージアム,2018/10/29 15:34,2018/10/29 15:34,2018/10/29 15:53,2018/10/29 15:53,,2018/10/29 15:32,0:10:22,0:10:22,,00,01,,,2018/10/29 15:32,2018/10/29 15:44,43402.647222222243402.6555555556,#N/A,,,,
-,-,15,2018/10/29 15:38,7318,乗客アプリ（地図から）,3175,551,9,1,,2018/10/29 15:41,2018/10/29 15:48,35.462896 139.63236,ホテルビスタプレミオみなとみらい,35.45256 139.630848,ニューオータニイン横浜プレミアム,2018/10/29 15:41,2018/10/29 15:41,2018/10/29 15:52,2018/10/29 15:52,,2018/10/29 15:38,0:06:43,0:06:43,,00,02,,,2018/10/29 15:38,2018/10/29 15:48,43402.651388888943402.6583333333,#N/A,,,,
-,-,15,2018/10/29 15:47,7319,乗客アプリ（簡単予約）,4026,313,7,1,,2018/10/29 15:52,2018/10/29 15:57,35.458187 139.636985,ヨコハマ グランド インターコンチネンタル ホテル／パシフィコ横浜,35.450681 139.632446,横浜桜木町ワシントンホテル,2018/10/29 15:50,2018/10/29 15:50,2018/10/29 15:59,2018/10/29 15:59,,2018/10/29 15:47,0:04:24,0:04:24,,02,05,,,2018/10/29 15:47,2018/10/29 15:57,43402.657638888943402.6645833333,#N/A,,,,
★,-,15,2018/10/29 15:48,7320,乗客アプリ（地図から）,3721,1100,6,1,,2018/10/29 16:45,2018/10/29 16:54,35.458507 139.628741,みなとみらいグランドセントラルタワー,35.443704 139.651332,ホテルメルパルク横浜,2018/10/29 16:48,2018/10/29 16:48,2018/10/29 17:07,2018/10/29 17:07,2018/10/29 16:48,2018/10/29 16:48,0:09:19,0:09:19,,00,00,,,2018/10/29 15:48,2018/10/29 16:54,43402.658333333343402.7041666667,#N/A,,,,
-,-,15,2018/10/29 15:53,7321,乗客アプリ（地図から）,1727,691,1,1,,2018/10/29 15:58,2018/10/29 16:05,35.456605 139.635327,横浜ベイホテル東急,35.4587 139.625091,横浜アンパンマンこどもミュージアム,2018/10/29 15:59,2018/10/29 15:59,2018/10/29 16:08,2018/10/29 16:08,,2018/10/29 15:53,0:06:50,0:06:50,,00,04,,,2018/10/29 15:53,2018/10/29 16:05,43402.661805555643402.6701388889,#N/A,,,,
-,-,15,2018/10/29 15:56,7322,乗客アプリ（目的地から）,2314,680,4,1,,2018/10/29 15:59,2018/10/29 16:10,35.443569 139.641792,ダイワロイネットホテル横浜公園,35.450681 139.632446,横浜桜木町ワシントンホテル,2018/10/29 15:59,2018/10/29 15:59,2018/10/29 16:09,2018/10/29 16:09,,2018/10/29 15:56,0:10:29,0:10:29,,00,03,,,2018/10/29 15:56,2018/10/29 16:10,43402.663888888943402.6736111111,#N/A,,,,
-,-,16,2018/10/29 16:00,7323,乗客アプリ（地図から）,2526,715,4,1,,2018/10/29 16:05,2018/10/29 16:13,35.445783 139.642958,横浜情報文化センター,35.454389 139.630904,横浜ランドマークタワー,2018/10/29 16:02,2018/10/29 16:02,2018/10/29 16:22,2018/10/29 16:22,,2018/10/29 16:00,0:08:44,0:08:44,215,02,04,05,05,2018/10/29 16:00,2018/10/29 16:13,43402.666666666743402.6756944444,#N/A,,,,
-,-,16,2018/10/29 16:01,7324,まちかど設置端末（店舗から）,0,663,9,1,,2018/10/29 16:02,2018/10/29 16:07,35.454211 139.642721,MARINE & WALK YOKOHAMA,35.458507 139.628741,みなとみらいグランドセントラルタワー,2018/10/29 16:03,2018/10/29 16:03,2018/10/29 16:17,2018/10/29 16:19,,2018/10/29 16:01,0:05:23,0:05:23,,00,01,,,2018/10/29 16:01,2018/10/29 16:07,43402.667361111143402.6715277778,#N/A,,,,
-,-,16,2018/10/29 16:01,7325,乗客アプリ（目的地から）,2801,823,2,1,,2018/10/29 16:05,2018/10/29 16:17,35.45256 139.630848,ニューオータニイン横浜プレミアム,35.443569 139.641792,ダイワロイネットホテル横浜公園,2018/10/29 16:05,2018/10/29 16:05,2018/10/29 16:17,2018/10/29 16:18,,2018/10/29 16:01,0:12:21,0:12:21,,00,04,,,2018/10/29 16:01,2018/10/29 16:17,43402.667361111143402.6784722222,#N/A,,,,
-,-,16,2018/10/29 16:04,7327,乗客アプリ（地図から）,3884,701,9,2,,2018/10/29 16:08,2018/10/29 16:12,35.458507 139.628741,みなとみらいグランドセントラルタワー,35.455715 139.638114,横浜みなとみらい万葉倶楽部,2018/10/29 16:11,2018/10/29 16:11,2018/10/29 16:20,2018/10/29 16:20,,2018/10/29 16:04,0:03:55,0:07:50,,00,03,,,2018/10/29 16:04,2018/10/29 16:12,43402.669444444443402.675,肯定的,,,,
-,-,16,2018/10/29 16:06,7328,まちかど設置端末（店舗から）,0,567,10,1,,2018/10/29 16:10,2018/10/29 16:18,35.451031 139.647069,横浜港大さん橋国際客船ターミナル,35.456605 139.635327,横浜ベイホテル東急,2018/10/29 16:10,2018/10/29 16:10,2018/10/29 16:30,2018/10/29 16:30,,2018/10/29 16:06,0:07:59,0:07:59,,00,03,,,2018/10/29 16:06,2018/10/29 16:18,43402.670833333343402.6791666667,#N/A,,,,
-,-,16,2018/10/29 16:17,7330,乗客アプリ（地図から）,3731,379,2,1,,2018/10/29 16:25,2018/10/29 16:34,35.448676 139.635696,横浜平和プラザホテル,35.441441 139.648505,横浜中華街朱雀門,2018/10/29 16:25,2018/10/29 16:25,2018/10/29 16:35,2018/10/29 16:35,,2018/10/29 16:17,0:09:33,0:09:33,,00,07,,,2018/10/29 16:17,2018/10/29 16:34,43402.678472222243402.6902777778,#N/A,,,,
-,-,16,2018/10/29 16:19,7331,まちかど設置端末（地図から）,0,454,3,3,,2018/10/29 16:23,2018/10/29 16:33,35.4587 139.625091,横浜アンパンマンこどもミュージアム,35.450681 139.632446,横浜桜木町ワシントンホテル,2018/10/29 16:23,2018/10/29 16:23,2018/10/29 16:34,2018/10/29 16:35,,2018/10/29 16:19,0:09:22,0:28:06,,00,03,,,2018/10/29 16:19,2018/10/29 16:33,43402.679861111143402.6895833333,#N/A,,,,
-,-,16,2018/10/29 16:21,7332,乗客アプリ（地図から）,2435,855,10,1,,2018/10/29 16:26,2018/10/29 16:29,35.4587 139.625091,横浜アンパンマンこどもミュージアム,35.456605 139.635327,横浜ベイホテル東急,2018/10/29 16:25,2018/10/29 16:25,2018/10/29 16:35,2018/10/29 16:35,,2018/10/29 16:21,0:03:20,0:03:20,,00,04,,,2018/10/29 16:21,2018/10/29 16:29,43402.6812543402.6868055556,#N/A,,,,
-,-,16,2018/10/29 16:23,7333,まちかど設置端末（地図から）,0,769,3,1,,2018/10/29 16:25,2018/10/29 16:42,35.4587 139.625091,横浜アンパンマンこどもミュージアム,35.443908 139.635249,イセザキ・モール,2018/10/29 16:25,2018/10/29 16:25,2018/10/29 16:43,2018/10/29 16:44,,2018/10/29 16:23,0:16:22,0:16:22,,00,02,,,2018/10/29 16:23,2018/10/29 16:42,43402.682638888943402.6958333333,#N/A,,,,
-,-,16,2018/10/29 16:23,7334,乗客アプリ（簡単予約）,3814,313,3,1,,2018/10/29 16:34,2018/10/29 16:49,35.450681 139.632446,横浜桜木町ワシントンホテル,35.445857 139.647636,ホテルモントレ横浜,2018/10/29 16:35,2018/10/29 16:35,2018/10/29 16:53,2018/10/29 16:53,,2018/10/29 16:23,0:15:09,0:15:09,,00,10,,,2018/10/29 16:23,2018/10/29 16:49,43402.682638888943402.7006944444,#N/A,,,,
-,-,16,2018/10/29 16:37,7336,まちかど設置端末（地図から）,0,508,8,1,,2018/10/29 16:40,2018/10/29 16:55,35.448801 139.636702,ホテルルートイン横浜馬車道,35.456605 139.635327,横浜ベイホテル東急,2018/10/29 16:39,2018/10/29 16:42,2018/10/29 16:52,2018/10/29 17:00,,2018/10/29 16:37,0:15:10,0:15:10,,00,03,,,2018/10/29 16:37,2018/10/29 16:55,43402.692361111143402.7048611111,#N/A,,,,
-,-,16,2018/10/29 16:37,7337,乗客アプリ（地図から）,1666,1114,8,1,,2018/10/29 16:45,2018/10/29 16:55,35.443908 139.635249,イセザキ・モール,35.456605 139.635327,横浜ベイホテル東急,2018/10/29 16:46,2018/10/29 16:46,2018/10/29 16:59,2018/10/29 16:59,,2018/10/29 16:37,0:10:33,0:10:33,,00,07,,,2018/10/29 16:37,2018/10/29 16:55,43402.692361111143402.7048611111,#N/A,,,,
-,-,16,2018/10/29 16:38,7338,まちかど設置端末（地図から）,0,479,1,1,,2018/10/29 16:50,2018/10/29 17:14,35.44291 139.650404,みなとみらい線　元町・中華街駅,35.456605 139.635327,横浜ベイホテル東急,2018/10/29 16:44,2018/10/29 16:44,2018/10/29 17:05,2018/10/29 17:05,,2018/10/29 16:38,0:23:35,0:23:35,,05,12,,,2018/10/29 16:38,2018/10/29 17:14,43402.693055555643402.7180555556,#N/A,,,,
-,-,16,2018/10/29 16:44,7339,まちかど設置端末（店舗から）,0,1299,2,1,,2018/10/29 16:50,2018/10/29 17:03,35.441002 139.650809,横浜元町ショッピングストリート,35.443908 139.635249,イセザキ・モール,2018/10/29 16:50,2018/10/29 16:50,2018/10/29 17:00,2018/10/29 17:00,,2018/10/29 16:44,0:13:24,0:13:24,,00,05,,,2018/10/29 16:44,2018/10/29 17:03,43402.697222222243402.7104166667,#N/A,,,,
★,-,16,2018/10/29 16:50,7341,まちかど設置端末（地図から）,0,480,7,1,,2018/10/29 17:16,2018/10/29 17:29,35.454425 139.64064,ＪＩＣＡ横浜 （海外移住資料館）,35.458507 139.628741,みなとみらいグランドセントラルタワー,2018/10/29 17:20,2018/10/29 17:20,2018/10/29 17:32,2018/10/29 17:32,2018/10/29 17:20,2018/10/29 17:20,0:13:11,0:13:11,,00,00,,,2018/10/29 16:50,2018/10/29 17:29,43402.701388888943402.7284722222,#N/A,,,,
-,-,16,2018/10/29 16:55,7343,まちかど設置端末（地図から）,0,820,1,1,,2018/10/29 17:00,2018/10/29 17:08,35.454425 139.64064,ＪＩＣＡ横浜 （海外移住資料館）,35.45256 139.630848,ニューオータニイン横浜プレミアム,2018/10/29 17:02,2018/10/29 17:02,2018/10/29 17:14,2018/10/29 17:14,,2018/10/29 16:55,0:07:25,0:07:25,,00,05,,,2018/10/29 16:55,2018/10/29 17:08,43402.704861111143402.7138888889,#N/A,,,,
-,-,16,2018/10/29 16:58,7345,まちかど設置端末（店舗から）,0,1055,3,2,,2018/10/29 17:04,2018/10/29 17:08,35.451031 139.647069,横浜港大さん橋国際客船ターミナル,35.44291 139.650404,みなとみらい線　元町・中華街駅,2018/10/29 17:04,2018/10/29 17:06,2018/10/29 17:12,2018/10/29 17:16,,2018/10/29 16:58,0:04:34,0:09:08,,00,06,,,2018/10/29 16:58,2018/10/29 17:08,43402.706944444443402.7138888889,#N/A,,,,
-,-,16,2018/10/29 16:59,7346,まちかど設置端末（店舗から）,0,984,3,2,,2018/10/29 17:04,2018/10/29 17:08,35.451031 139.647069,横浜港大さん橋国際客船ターミナル,35.44291 139.650404,みなとみらい線　元町・中華街駅,2018/10/29 17:05,2018/10/29 17:05,2018/10/29 17:15,2018/10/29 17:15,,2018/10/29 16:59,0:04:21,0:08:42,,00,05,,,2018/10/29 16:59,2018/10/29 17:08,43402.707638888943402.7138888889,#N/A,,,,
-,☆,16,2018/10/29 16:02,7326,乗客アプリ（簡単予約）,2931,1203,9,1,2018/10/29 16:03,,,35.454425 139.64064,ＪＩＣＡ横浜 （海外移住資料館）,35.450681 139.632446,横浜桜木町ワシントンホテル,2018/10/29 16:07,,2018/10/29 16:26,,,2018/10/29 16:02,0:00:00,0:00:00,,00,05,,,2018/10/29 16:02,1900/1/0 0:00,43402.66805555560,#N/A,,165行と同一人物と思われるため一番短い待ち時間を採用,,
-,☆,16,2018/10/29 16:07,7329,乗客アプリ（簡単予約）,2931,985,3,1,2018/10/29 16:07,,,35.454425 139.64064,ＪＩＣＡ横浜 （海外移住資料館）,35.450681 139.632446,横浜桜木町ワシントンホテル,2018/10/29 16:15,,2018/10/29 16:26,,,2018/10/29 16:07,0:00:00,0:00:00,,00,,,,2018/10/29 16:07,1900/1/0 0:00,43402.67152777780,#N/A,,164行と同一人物と思われるため一番短い待ち時間を採用,,
-,☆,16,2018/10/29 16:31,7335,まちかど設置端末（地図から）,0,891,2,2,2018/10/29 16:39,,,35.451031 139.647069,横浜港大さん橋国際客船ターミナル,35.443908 139.635249,イセザキ・モール,2018/10/29 16:42,,2018/10/29 16:54,,,2018/10/29 16:31,0:00:00,0:00:00,,00,11,,,2018/10/29 16:31,1900/1/0 0:00,43402.68819444440,#N/A,,,,
-,-,17,2018/10/29 17:00,7347,乗客アプリ（地図から）,3880,1213,4,1,,2018/10/29 17:04,2018/10/29 17:18,35.458507 139.628741,みなとみらいグランドセントラルタワー,35.443908 139.635249,イセザキ・モール,2018/10/29 17:03,2018/10/29 17:03,2018/10/29 17:17,2018/10/29 17:20,,2018/10/29 17:00,0:13:53,0:13:53,265,00,03,03,03,2018/10/29 17:00,2018/10/29 17:18,43402.708333333343402.7208333333,#N/A,,,,
-,-,17,2018/10/29 17:04,7348,まちかど設置端末（店舗から）,0,928,4,2,,2018/10/29 17:10,2018/10/29 17:25,35.45256 139.630848,ニューオータニイン横浜プレミアム,35.443863 139.64702,ローズホテル横浜（横浜中華街内）,2018/10/29 17:10,2018/10/29 17:10,2018/10/29 17:29,2018/10/29 17:29,,2018/10/29 17:04,0:14:20,0:28:40,,00,06,,,2018/10/29 17:04,2018/10/29 17:25,43402.711111111143402.7256944444,#N/A,,,,
-,-,17,2018/10/29 17:05,7349,まちかど設置端末（店舗から）,0,862,6,1,,2018/10/29 17:10,2018/10/29 17:18,35.441002 139.650809,横浜元町ショッピングストリート,35.443569 139.641792,ダイワロイネットホテル横浜公園,2018/10/29 17:11,2018/10/29 17:12,2018/10/29 17:18,2018/10/29 17:19,,2018/10/29 17:05,0:07:58,0:07:58,,00,05,,,2018/10/29 17:05,2018/10/29 17:18,43402.711805555643402.7208333333,#N/A,,,,
-,-,17,2018/10/29 17:05,7350,まちかど設置端末（店舗から）,0,1277,6,1,,2018/10/29 17:10,2018/10/29 17:25,35.441002 139.650809,横浜元町ショッピングストリート,35.450681 139.632446,横浜桜木町ワシントンホテル,2018/10/29 17:11,2018/10/29 17:11,2018/10/29 17:29,2018/10/29 17:29,,2018/10/29 17:05,0:14:28,0:14:28,,00,04,,,2018/10/29 17:05,2018/10/29 17:25,43402.711805555643402.7256944444,#N/A,,,,
-,-,17,2018/10/29 17:06,7351,乗客アプリ（地図から）,2435,495,1,1,,2018/10/29 17:14,2018/10/29 17:20,35.456605 139.635327,横浜ベイホテル東急,35.4587 139.625091,横浜アンパンマンこどもミュージアム,2018/10/29 17:17,2018/10/29 17:17,2018/10/29 17:26,2018/10/29 17:26,,2018/10/29 17:06,0:06:25,0:06:25,,00,07,,,2018/10/29 17:06,2018/10/29 17:20,43402.712543402.7222222222,#N/A,,,,
-,-,17,2018/10/29 17:18,7352,乗客アプリ（地図から）,2092,1183,7,1,,2018/10/29 17:25,2018/10/29 17:38,35.462896 139.63236,ホテルビスタプレミオみなとみらい,35.445857 139.647636,ホテルモントレ横浜,2018/10/29 17:26,2018/10/29 17:26,2018/10/29 17:48,2018/10/29 17:48,,2018/10/29 17:18,0:13:29,0:13:29,,00,06,,,2018/10/29 17:18,2018/10/29 17:38,43402.720833333343402.7347222222,#N/A,,,,
★,-,17,2018/10/29 17:20,7353,乗客アプリ（地図から）,1605,1105,10,1,,2018/10/29 17:49,2018/10/29 18:05,35.456605 139.635327,横浜ベイホテル東急,35.443908 139.635249,イセザキ・モール,2018/10/29 17:50,2018/10/29 17:50,2018/10/29 18:04,2018/10/29 18:15,2018/10/29 17:50,2018/10/29 17:50,0:15:43,0:15:43,,00,00,,,2018/10/29 17:20,2018/10/29 18:05,43402.722222222243402.7534722222,肯定的,,,,
-,-,17,2018/10/29 17:29,7355,乗客アプリ（目的地から）,1478,874,10,5,,2018/10/29 17:33,2018/10/29 17:54,35.448801 139.636702,ホテルルートイン横浜馬車道,35.4587 139.625091,横浜アンパンマンこどもミュージアム,2018/10/29 17:34,2018/10/29 17:34,2018/10/29 18:00,2018/10/29 18:00,,2018/10/29 17:29,0:21:10,1:45:50,,00,04,,,2018/10/29 17:29,2018/10/29 17:54,43402.728472222243402.7458333333,#N/A,,,,
-,-,17,2018/10/29 17:32,7356,まちかど設置端末（店舗から）,0,1217,9,1,,2018/10/29 17:34,2018/10/29 17:41,35.447541 139.644914,シルク博物館,35.450681 139.632446,横浜桜木町ワシントンホテル,2018/10/29 17:35,2018/10/29 17:35,2018/10/29 17:46,2018/10/29 17:52,,2018/10/29 17:32,0:06:19,0:06:19,,00,02,,,2018/10/29 17:32,2018/10/29 17:41,43402.730555555643402.7368055556,#N/A,,,,
★,-,17,2018/10/29 17:37,7358,乗客アプリ（目的地から）,3930,497,5,1,,2018/10/29 18:01,2018/10/29 18:10,35.451031 139.647069,横浜港大さん橋国際客船ターミナル,35.456605 139.635327,横浜ベイホテル東急,2018/10/29 18:07,2018/10/29 18:07,2018/10/29 18:27,2018/10/29 18:27,2018/10/29 18:07,2018/10/29 18:07,0:08:28,0:08:28,,00,00,,,2018/10/29 17:37,2018/10/29 18:10,43402.734027777843402.7569444444,#N/A,,,,
-,-,17,2018/10/29 17:45,7359,まちかど設置端末（店舗から）,0,677,8,1,,2018/10/29 17:48,2018/10/29 17:55,35.454425 139.64064,ＪＩＣＡ横浜 （海外移住資料館）,35.462896 139.63236,ホテルビスタプレミオみなとみらい,2018/10/29 17:48,2018/10/29 17:48,2018/10/29 17:59,2018/10/29 17:59,,2018/10/29 17:45,0:07:13,0:07:13,,00,02,,,2018/10/29 17:45,2018/10/29 17:55,43402.739583333343402.7465277778,#N/A,,,,
-,-,17,2018/10/29 17:50,7360,乗客アプリ（地図から）,4277,1172,7,2,,2018/10/29 17:53,2018/10/29 17:59,35.455715 139.638114,横浜みなとみらい万葉倶楽部,35.450447 139.635947,みなとみらい線　馬車道駅,2018/10/29 17:54,2018/10/29 17:54,2018/10/29 18:05,2018/10/29 18:05,,2018/10/29 17:50,0:05:50,0:11:40,,00,02,,,2018/10/29 17:50,2018/10/29 17:59,43402.743055555643402.7493055556,#N/A,,,,
-,-,17,2018/10/29 17:51,7361,まちかど設置端末（店舗から）,0,799,4,1,,2018/10/29 17:56,2018/10/29 18:05,35.443863 139.64702,ローズホテル横浜（横浜中華街内）,35.454389 139.630904,横浜ランドマークタワー,2018/10/29 17:55,2018/10/29 17:55,2018/10/29 18:12,2018/10/29 18:12,,2018/10/29 17:51,0:09:11,0:09:11,,01,05,,,2018/10/29 17:51,2018/10/29 18:05,43402.7437543402.7534722222,#N/A,,,,
-,-,17,2018/10/29 17:52,7362,まちかど設置端末（地図から）,0,1035,6,1,,2018/10/29 18:00,2018/10/29 18:08,35.451031 139.647069,横浜港大さん橋国際客船ターミナル,35.443908 139.635249,イセザキ・モール,2018/10/29 18:02,2018/10/29 18:02,2018/10/29 18:12,2018/10/29 18:12,,2018/10/29 17:52,0:08:04,0:08:04,,00,08,,,2018/10/29 17:52,2018/10/29 18:08,43402.744444444443402.7555555556,#N/A,,,,
★,-,17,2018/10/29 17:59,7364,乗客アプリ（地図から）,2548,1192,9,1,,2018/10/29 18:28,2018/10/29 18:35,35.456605 139.635327,横浜ベイホテル東急,35.443908 139.635249,イセザキ・モール,2018/10/29 18:29,2018/10/29 18:29,2018/10/29 18:43,2018/10/29 18:43,2018/10/29 18:29,2018/10/29 18:29,0:07:46,0:07:46,,00,00,,,2018/10/29 17:59,2018/10/29 18:35,43402.749305555643402.7743055556,#N/A,,,,
★,☆,17,2018/10/29 16:47,7340,まちかど設置端末（地図から）,0,664,7,1,2018/10/29 16:48,,,35.454425 139.64064,ＪＩＣＡ横浜 （海外移住資料館）,35.458507 139.628741,みなとみらいグランドセントラルタワー,2018/10/29 17:17,,2018/10/29 17:29,,2018/10/29 17:17,2018/10/29 17:17,0:00:00,0:00:00,,00,00,,,2018/10/29 16:47,1900/1/0 0:00,43402.69930555560,#N/A,,,,
★,☆,17,2018/10/29 16:54,7342,乗客アプリ（地図から）,67,752,6,1,2018/10/29 16:56,,,35.441002 139.650809,横浜元町ショッピングストリート,35.462896 139.63236,ホテルビスタプレミオみなとみらい,2018/10/29 17:54,,2018/10/29 18:16,,2018/10/29 17:54,2018/10/29 17:54,0:00:00,0:00:00,,00,00,,,2018/10/29 16:54,1900/1/0 0:00,43402.70416666670,#N/A,,,,
★,☆,17,2018/10/29 16:57,7344,乗客アプリ（地図から）,67,1074,6,1,2018/10/29 16:58,,,35.447546 139.64358,横浜開港資料館,35.4587 139.625091,横浜アンパンマンこどもミュージアム,2018/10/29 17:57,,2018/10/29 18:13,,2018/10/29 17:57,2018/10/29 17:57,0:00:00,0:00:00,,00,00,,,2018/10/29 16:57,1900/1/0 0:00,43402.706250,#N/A,,,,
-,☆,17,2018/10/29 17:25,7354,まちかど設置端末（店舗から）,0,668,4,1,2018/10/29 17:33,,,35.443863 139.64702,ローズホテル横浜（横浜中華街内）,35.454389 139.630904,横浜ランドマークタワー,2018/10/29 17:26,,2018/10/29 17:43,,,2018/10/29 17:25,0:00:00,0:00:00,,00,07,,,2018/10/29 17:25,1900/1/0 0:00,43402.72569444440,#N/A,,,,
-,☆,17,2018/10/29 17:35,7357,乗客アプリ（目的地から）,4316,688,9,2,2018/10/29 17:35,,,35.45256 139.630848,ニューオータニイン横浜プレミアム,35.453715 139.638133,横浜ワールドポーターズ,2018/10/29 17:46,,2018/10/29 18:01,,,2018/10/29 17:35,0:00:00,0:00:00,,00,11,,,2018/10/29 17:35,1900/1/0 0:00,43402.73263888890,#N/A,,,,
-,-,18,2018/10/29 18:06,7365,乗客アプリ（地図から）,4270,1012,7,1,,2018/10/29 18:11,2018/10/29 18:22,35.4587 139.625091,横浜アンパンマンこどもミュージアム,35.453715 139.638133,横浜ワールドポーターズ,2018/10/29 18:10,2018/10/29 18:10,2018/10/29 18:21,2018/10/29 18:22,,2018/10/29 18:06,0:10:57,0:10:57,155,01,04,04,03,2018/10/29 18:06,2018/10/29 18:22,43402.754166666743402.7652777778,肯定的,,,,
-,-,18,2018/10/29 18:06,7366,乗客アプリ（地図から）,3884,498,7,2,,2018/10/29 18:18,2018/10/29 18:27,35.455715 139.638114,横浜みなとみらい万葉倶楽部,35.458507 139.628741,みなとみらいグランドセントラルタワー,2018/10/29 18:17,2018/10/29 18:17,2018/10/29 18:31,2018/10/29 18:35,,2018/10/29 18:06,0:09:28,0:18:56,,00,11,,,2018/10/29 18:06,2018/10/29 18:27,43402.754166666743402.76875,肯定的,,,,
-,-,18,2018/10/29 18:09,7367,まちかど設置端末（店舗から）,0,1282,5,1,,2018/10/29 18:10,2018/10/29 18:14,35.456605 139.635327,横浜ベイホテル東急,35.450681 139.632446,横浜桜木町ワシントンホテル,2018/10/29 18:15,2018/10/29 18:15,2018/10/29 18:23,2018/10/29 18:23,,2018/10/29 18:09,0:04:29,0:04:29,,00,01,,,2018/10/29 18:09,2018/10/29 18:14,43402.7562543402.7597222222,#N/A,,,,
-,-,18,2018/10/29 18:15,7369,まちかど設置端末（店舗から）,0,304,8,1,,2018/10/29 18:19,2018/10/29 18:28,35.458187 139.636985,ヨコハマ グランド インターコンチネンタル ホテル／パシフィコ横浜,35.450681 139.632446,横浜桜木町ワシントンホテル,2018/10/29 18:19,2018/10/29 18:19,2018/10/29 18:27,2018/10/29 18:27,,2018/10/29 18:15,0:08:24,0:08:24,,00,04,,,2018/10/29 18:15,2018/10/29 18:28,43402.760416666743402.7694444444,#N/A,,,,
-,-,18,2018/10/29 18:16,7370,まちかど設置端末（地図から）,0,822,6,1,,2018/10/29 18:20,2018/10/29 18:30,35.443863 139.64702,ローズホテル横浜（横浜中華街内）,35.443908 139.635249,イセザキ・モール,2018/10/29 18:19,2018/10/29 18:20,2018/10/29 18:26,2018/10/29 18:30,,2018/10/29 18:16,0:10:19,0:10:19,,00,03,,,2018/10/29 18:16,2018/10/29 18:30,43402.761111111143402.7708333333,#N/A,,,,
-,-,18,2018/10/29 18:19,7371,まちかど設置端末（地図から）,0,331,6,2,,2018/10/29 18:21,2018/10/29 18:40,35.443863 139.64702,ローズホテル横浜（横浜中華街内）,35.4587 139.625091,横浜アンパンマンこどもミュージアム,2018/10/29 18:21,2018/10/29 18:21,2018/10/29 18:42,2018/10/29 18:42,,2018/10/29 18:19,0:18:45,0:37:30,,00,01,,,2018/10/29 18:19,2018/10/29 18:40,43402.763194444443402.7777777778,#N/A,,,,
-,-,18,2018/10/29 18:22,7372,まちかど設置端末（店舗から）,0,1287,1,2,,2018/10/29 18:26,2018/10/29 18:35,35.443569 139.641792,ダイワロイネットホテル横浜公園,35.451031 139.647069,横浜港大さん橋国際客船ターミナル,2018/10/29 18:26,2018/10/29 18:26,2018/10/29 18:33,2018/10/29 18:33,,2018/10/29 18:22,0:09:07,0:18:14,,00,03,,,2018/10/29 18:22,2018/10/29 18:35,43402.765277777843402.7743055556,#N/A,,,,
-,-,18,2018/10/29 18:34,7373,まちかど設置端末（地図から）,0,958,10,1,,2018/10/29 18:39,2018/10/29 18:45,35.458507 139.628741,みなとみらいグランドセントラルタワー,35.456605 139.635327,横浜ベイホテル東急,2018/10/29 18:39,2018/10/29 18:39,2018/10/29 18:46,2018/10/29 18:46,,2018/10/29 18:34,0:06:05,0:06:05,,00,04,,,2018/10/29 18:34,2018/10/29 18:45,43402.773611111143402.78125,#N/A,,,,
-,-,18,2018/10/29 18:49,7374,まちかど設置端末（店舗から）,0,793,10,1,,2018/10/29 18:55,2018/10/29 19:11,35.454211 139.642721,MARINE & WALK YOKOHAMA,35.450681 139.632446,横浜桜木町ワシントンホテル,2018/10/29 18:55,2018/10/29 18:55,2018/10/29 19:05,2018/10/29 19:05,,2018/10/29 18:49,0:16:16,0:16:16,,00,05,,,2018/10/29 18:49,2018/10/29 19:11,43402.784027777843402.7993055556,#N/A,,,,
-,-,18,2018/10/29 18:51,7375,乗客アプリ（地図から）,3217,1096,2,1,,2018/10/29 18:53,2018/10/29 19:04,35.443704 139.651332,ホテルメルパルク横浜,35.454389 139.630904,横浜ランドマークタワー,2018/10/29 18:53,2018/10/29 18:53,2018/10/29 19:09,2018/10/29 19:09,,2018/10/29 18:51,0:10:59,0:10:59,,00,01,,,2018/10/29 18:51,2018/10/29 19:04,43402.785416666743402.7944444444,#N/A,,,,
-,-,18,2018/10/29 18:56,7376,まちかど設置端末（店舗から）,0,694,10,1,,2018/10/29 18:58,2018/10/29 19:06,35.454425 139.64064,ＪＩＣＡ横浜 （海外移住資料館）,35.443908 139.635249,イセザキ・モール,2018/10/29 18:59,2018/10/29 18:59,2018/10/29 19:08,2018/10/29 19:08,,2018/10/29 18:56,0:07:34,0:07:34,,00,02,,,2018/10/29 18:56,2018/10/29 19:06,43402.788888888943402.7958333333,#N/A,,,,
-,-,18,2018/10/29 18:58,7377,乗客アプリ（目的地から）,3445,468,9,1,,2018/10/29 19:02,2018/10/29 19:07,35.450447 139.635947,みなとみらい線　馬車道駅,35.443908 139.635249,イセザキ・モール,2018/10/29 19:01,2018/10/29 19:03,2018/10/29 19:07,2018/10/29 19:17,,2018/10/29 18:58,0:05:30,0:05:30,,00,03,,,2018/10/29 18:58,2018/10/29 19:07,43402.790277777843402.7965277778,#N/A,,,,
★,☆,18,2018/10/29 17:58,7363,乗客アプリ（地図から）,2548,865,5,1,2018/10/29 17:58,,,35.456605 139.635327,横浜ベイホテル東急,35.443908 139.635249,イセザキ・モール,2018/10/29 19:00,,2018/10/29 19:14,,2018/10/29 18:58,2018/10/29 18:58,0:00:00,0:00:00,,00,01,,,2018/10/29 17:58,1900/1/0 0:00,43402.74861111110,#N/A,,,,
-,☆,18,2018/10/29 18:12,7368,乗客アプリ（地図から）,4327,1102,7,1,2018/10/29 18:12,,,35.452963 139.642093,横浜赤レンガ倉庫,35.45256 139.630848,ニューオータニイン横浜プレミアム,2018/10/29 18:22,,2018/10/29 18:40,,,2018/10/29 18:12,0:00:00,0:00:00,,00,09,,,2018/10/29 18:12,1900/1/0 0:00,43402.75833333330,#N/A,,,,
-,-,19,2018/10/29 19:04,7379,乗客アプリ（目的地から）,4019,1017,3,1,,2018/10/29 19:07,2018/10/29 19:12,35.454211 139.642721,MARINE & WALK YOKOHAMA,35.450681 139.632446,横浜桜木町ワシントンホテル,2018/10/29 19:08,2018/10/29 19:08,2018/10/29 19:18,2018/10/29 19:18,,2018/10/29 19:04,0:05:07,0:05:07,249,00,02,04,04,2018/10/29 19:04,2018/10/29 19:12,43402.794444444443402.8,#N/A,,,,
-,-,19,2018/10/29 19:09,7380,乗客アプリ（地図から）,3913,924,2,1,,2018/10/29 19:15,2018/10/29 19:33,35.458507 139.628741,みなとみらいグランドセントラルタワー,35.445857 139.647636,ホテルモントレ横浜,2018/10/29 19:12,2018/10/29 19:15,2018/10/29 19:26,2018/10/29 19:37,,2018/10/29 19:09,0:17:42,0:17:42,,02,06,,,2018/10/29 19:09,2018/10/29 19:33,43402.797916666743402.8145833333,#N/A,,,,
-,-,19,2018/10/29 19:10,7381,まちかど設置端末（店舗から）,0,1005,2,2,,2018/10/29 19:13,2018/10/29 19:24,35.4587 139.625091,横浜アンパンマンこどもミュージアム,35.450681 139.632446,横浜桜木町ワシントンホテル,2018/10/29 19:14,2018/10/29 19:14,2018/10/29 19:23,2018/10/29 19:28,,2018/10/29 19:10,0:11:13,0:22:26,,00,03,,,2018/10/29 19:10,2018/10/29 19:24,43402.798611111143402.8083333333,#N/A,,,,
-,-,19,2018/10/29 19:14,7382,乗客アプリ（地図から）,4277,750,2,2,,2018/10/29 19:21,2018/10/29 19:40,35.450447 139.635947,みなとみらい線　馬車道駅,35.441441 139.648505,横浜中華街朱雀門,2018/10/29 19:21,2018/10/29 19:21,2018/10/29 19:40,2018/10/29 19:40,,2018/10/29 19:14,0:19:29,0:38:58,,00,07,,,2018/10/29 19:14,2018/10/29 19:40,43402.801388888943402.8194444444,#N/A,,,,
-,-,19,2018/10/29 19:16,7384,乗客アプリ（目的地から）,3030,1113,1,1,,2018/10/29 19:18,2018/10/29 19:26,35.447541 139.644914,シルク博物館,35.443908 139.635249,イセザキ・モール,2018/10/29 19:17,2018/10/29 19:17,2018/10/29 19:24,2018/10/29 19:24,,2018/10/29 19:16,0:08:01,0:08:01,,00,02,,,2018/10/29 19:16,2018/10/29 19:26,43402.802777777843402.8097222222,#N/A,,,,
-,-,19,2018/10/29 19:19,7385,乗客アプリ（目的地から）,3445,1185,1,1,,2018/10/29 19:26,2018/10/29 19:39,35.443908 139.635249,イセザキ・モール,35.462896 139.63236,ホテルビスタプレミオみなとみらい,2018/10/29 19:26,2018/10/29 19:26,2018/10/29 19:39,2018/10/29 19:39,,2018/10/29 19:19,0:12:45,0:12:45,,00,07,,,2018/10/29 19:19,2018/10/29 19:39,43402.804861111143402.81875,#N/A,,,,
-,-,19,2018/10/29 19:23,7386,乗客アプリ（目的地から）,4337,779,6,1,,2018/10/29 19:24,2018/10/29 19:34,35.45256 139.630848,ニューオータニイン横浜プレミアム,35.441002 139.650809,横浜元町ショッピングストリート,2018/10/29 19:28,2018/10/29 19:28,2018/10/29 19:42,2018/10/29 19:42,,2018/10/29 19:23,0:10:43,0:10:43,,00,00,,,2018/10/29 19:23,2018/10/29 19:34,43402.807638888943402.8152777778,#N/A,,,,
-,-,19,2018/10/29 19:27,7389,乗客アプリ（目的地から）,4021,414,2,1,,2018/10/29 19:33,2018/10/29 19:45,35.445857 139.647636,ホテルモントレ横浜,35.448801 139.636702,ホテルルートイン横浜馬車道,2018/10/29 19:33,2018/10/29 19:33,2018/10/29 19:45,2018/10/29 19:45,,2018/10/29 19:27,0:11:56,0:11:56,,00,05,,,2018/10/29 19:27,2018/10/29 19:45,43402.810416666743402.8229166667,肯定的,,,,
-,-,19,2018/10/29 19:28,7390,乗客アプリ（目的地から）,3144,1280,4,1,,2018/10/29 19:30,2018/10/29 19:48,35.458507 139.628741,みなとみらいグランドセントラルタワー,35.443569 139.641792,ダイワロイネットホテル横浜公園,2018/10/29 19:30,2018/10/29 19:30,2018/10/29 19:43,2018/10/29 19:44,,2018/10/29 19:28,0:17:42,0:17:42,,00,02,,,2018/10/29 19:28,2018/10/29 19:48,43402.811111111143402.825,#N/A,,,,
-,-,19,2018/10/29 19:30,7391,乗客アプリ（目的地から）,3900,713,4,1,,2018/10/29 19:34,2018/10/29 19:52,35.454389 139.630904,横浜ランドマークタワー,35.441441 139.648505,横浜中華街朱雀門,2018/10/29 19:34,2018/10/29 19:34,2018/10/29 19:48,2018/10/29 19:58,,2018/10/29 19:30,0:18:00,0:18:00,,00,04,,,2018/10/29 19:30,2018/10/29 19:52,43402.812543402.8277777778,#N/A,,,,
-,-,19,2018/10/29 19:32,7393,乗客アプリ（目的地から）,2511,927,4,1,,2018/10/29 19:40,2018/10/29 19:57,35.4587 139.625091,横浜アンパンマンこどもミュージアム,35.44291 139.650404,みなとみらい線　元町・中華街駅,2018/10/29 19:41,2018/10/29 19:41,2018/10/29 20:03,2018/10/29 20:03,,2018/10/29 19:32,0:17:37,0:17:37,,00,07,,,2018/10/29 19:32,2018/10/29 19:57,43402.813888888943402.83125,#N/A,,,,
-,-,19,2018/10/29 19:35,7394,乗客アプリ（地図から）,3481,964,1,2,,2018/10/29 19:40,2018/10/29 19:54,35.462896 139.63236,ホテルビスタプレミオみなとみらい,35.443073 139.651914,横浜人形の家,2018/10/29 19:39,2018/10/29 19:39,2018/10/29 19:56,2018/10/29 19:56,,2018/10/29 19:35,0:13:07,0:26:14,,00,04,,,2018/10/29 19:35,2018/10/29 19:54,43402.815972222243402.8291666667,肯定的,,,,
★,-,19,2018/10/29 19:42,7395,まちかど設置端末（店舗から）,0,543,10,1,,2018/10/29 20:13,2018/10/29 20:17,35.454211 139.642721,MARINE & WALK YOKOHAMA,35.450447 139.635947,みなとみらい線　馬車道駅,2018/10/29 20:16,2018/10/29 20:16,2018/10/29 20:24,2018/10/29 20:24,2018/10/29 20:11,2018/10/29 20:11,0:03:47,0:03:47,,00,01,,,2018/10/29 19:42,2018/10/29 20:17,43402.820833333343402.8451388889,#N/A,,,,
-,-,19,2018/10/29 19:46,7396,乗客アプリ（地図から）,3537,448,2,1,,2018/10/29 19:53,2018/10/29 20:03,35.452963 139.642093,横浜赤レンガ倉庫,35.450681 139.632446,横浜桜木町ワシントンホテル,2018/10/29 19:53,2018/10/29 19:54,2018/10/29 20:03,2018/10/29 20:09,,2018/10/29 19:46,0:09:37,0:09:37,,00,07,,,2018/10/29 19:46,2018/10/29 20:03,43402.823611111143402.8354166667,#N/A,,,,
-,-,19,2018/10/29 19:47,7397,乗客アプリ（地図から）,3425,569,8,1,,2018/10/29 19:52,2018/10/29 20:00,35.443908 139.635249,イセザキ・モール,35.447546 139.64358,横浜開港資料館,2018/10/29 19:51,2018/10/29 19:51,2018/10/29 19:57,2018/10/29 19:57,,2018/10/29 19:47,0:07:14,0:07:14,,01,05,,,2018/10/29 19:47,2018/10/29 20:00,43402.824305555643402.8333333333,#N/A,,,,
-,-,19,2018/10/29 19:51,7398,乗客アプリ（地図から）,3457,1039,2,1,,2018/10/29 19:55,2018/10/29 19:59,35.454211 139.642721,MARINE & WALK YOKOHAMA,35.450447 139.635947,みなとみらい線　馬車道駅,2018/10/29 19:55,2018/10/29 19:55,2018/10/29 20:04,2018/10/29 20:04,,2018/10/29 19:51,0:04:54,0:04:54,,00,03,,,2018/10/29 19:51,2018/10/29 19:59,43402.827083333343402.8326388889,#N/A,,,,
-,-,19,2018/10/29 19:56,7399,乗客アプリ（地図から）,4139,884,4,1,,2018/10/29 19:59,2018/10/29 20:11,35.44291 139.650404,みなとみらい線　元町・中華街駅,35.462896 139.63236,ホテルビスタプレミオみなとみらい,2018/10/29 19:59,2018/10/29 19:59,2018/10/29 20:17,2018/10/29 20:17,,2018/10/29 19:56,0:11:49,0:11:49,,00,03,,,2018/10/29 19:56,2018/10/29 20:11,43402.830555555643402.8409722222,#N/A,,,,
-,-,19,2018/10/29 19:59,7400,乗客アプリ（地図から）,3441,583,7,1,,2018/10/29 20:02,2018/10/29 20:07,35.458507 139.628741,みなとみらいグランドセントラルタワー,35.448801 139.636702,ホテルルートイン横浜馬車道,2018/10/29 20:01,2018/10/29 20:01,2018/10/29 20:10,2018/10/29 20:10,,2018/10/29 19:59,0:05:03,0:05:03,,00,03,,,2018/10/29 19:59,2018/10/29 20:07,43402.832638888943402.8381944444,#N/A,,,,
-,☆,19,2018/10/29 19:00,7378,まちかど設置端末（地図から）,0,374,9,1,2018/10/29 19:13,2018/10/29 19:04,,35.454425 139.64064,ＪＩＣＡ横浜 （海外移住資料館）,35.443908 139.635249,イセザキ・モール,2018/10/29 19:08,2018/10/29 19:08,2018/10/29 19:17,,,2018/10/29 19:00,,,,00,13,,,2018/10/29 19:00,1900/1/0 0:00,43402.79166666670,#N/A,,,,
-,☆,19,2018/10/29 19:15,7383,乗客アプリ（目的地から）,4337,915,6,2,2018/10/29 19:22,,,35.45256 139.630848,ニューオータニイン横浜プレミアム,35.441002 139.650809,横浜元町ショッピングストリート,2018/10/29 19:20,,2018/10/29 19:35,,,2018/10/29 19:15,0:00:00,0:00:00,,00,07,,,2018/10/29 19:15,1900/1/0 0:00,43402.80208333330,#N/A,,,,
★,☆,19,2018/10/29 19:25,7387,乗客アプリ（目的地から）,3900,984,3,1,2018/10/29 19:28,,,35.454389 139.630904,横浜ランドマークタワー,35.441441 139.648505,横浜中華街朱雀門,2018/10/29 19:55,,2018/10/29 20:07,,2018/10/29 19:55,2018/10/29 19:55,0:00:00,0:00:00,,00,00,,,2018/10/29 19:25,1900/1/0 0:00,43402.80902777780,#N/A,,,,
★,☆,19,2018/10/29 19:26,7388,乗客アプリ（地図から）,3441,701,3,1,2018/10/29 19:57,,,35.458507 139.628741,みなとみらいグランドセントラルタワー,35.448801 139.636702,ホテルルートイン横浜馬車道,2018/10/29 19:56,,2018/10/29 20:06,,2018/10/29 19:56,2018/10/29 19:56,0:00:00,0:00:00,,00,01,,,2018/10/29 19:26,1900/1/0 0:00,43402.80972222220,#N/A,,,,
-,☆,19,2018/10/29 19:32,7392,乗客アプリ（目的地から）,2511,710,3,1,2018/10/29 19:32,,,35.4587 139.625091,横浜アンパンマンこどもミュージアム,35.44291 139.650404,みなとみらい線　元町・中華街駅,2018/10/29 19:42,,2018/10/29 20:12,,,2018/10/29 19:32,0:00:00,0:00:00,,00,10,,,2018/10/29 19:32,1900/1/0 0:00,43402.81388888890,#N/A,,,,
★,-,20,2018/10/29 20:03,7401,乗客アプリ（目的地から）,3401,807,2,1,,2018/10/29 20:30,2018/10/29 20:40,35.450681 139.632446,横浜桜木町ワシントンホテル,35.462896 139.63236,ホテルビスタプレミオみなとみらい,2018/10/29 20:33,2018/10/29 20:33,2018/10/29 20:44,2018/10/29 20:44,2018/10/29 20:33,2018/10/29 20:33,0:10:40,0:10:40,243,00,00,05,04,2018/10/29 20:03,2018/10/29 20:40,43402.835416666743402.8611111111,#N/A,,,,
-,-,20,2018/10/29 20:06,7402,乗客アプリ（目的地から）,3445,598,4,1,,2018/10/29 20:15,2018/10/29 20:28,35.462896 139.63236,ホテルビスタプレミオみなとみらい,35.443908 139.635249,イセザキ・モール,2018/10/29 20:12,2018/10/29 20:14,2018/10/29 20:27,2018/10/29 20:30,,2018/10/29 20:06,0:13:22,0:13:22,,02,08,,,2018/10/29 20:06,2018/10/29 20:28,43402.837543402.8527777778,#N/A,,,,
-,-,20,2018/10/29 20:11,7405,乗客アプリ（簡単予約）,2477,1102,3,1,,2018/10/29 20:14,2018/10/29 20:19,35.454211 139.642721,MARINE & WALK YOKOHAMA,35.450447 139.635947,みなとみらい線　馬車道駅,2018/10/29 20:14,2018/10/29 20:17,2018/10/29 20:23,2018/10/29 20:26,,2018/10/29 20:11,0:04:53,0:04:53,,00,03,,,2018/10/29 20:11,2018/10/29 20:19,43402.840972222243402.8465277778,#N/A,,,,
-,-,20,2018/10/29 20:12,7406,乗客アプリ（地図から）,2823,532,3,1,,2018/10/29 20:15,2018/10/29 20:24,35.454211 139.642721,MARINE & WALK YOKOHAMA,35.456605 139.635327,横浜ベイホテル東急,2018/10/29 20:17,2018/10/29 20:17,2018/10/29 20:37,2018/10/29 20:37,,2018/10/29 20:12,0:08:38,0:08:38,,00,03,,,2018/10/29 20:12,2018/10/29 20:24,43402.841666666743402.85,#N/A,,,,
-,-,20,2018/10/29 20:14,7407,乗客アプリ（目的地から）,3674,822,4,1,,2018/10/29 20:22,2018/10/29 20:36,35.45435 139.631762,横浜ロイヤルパークホテル,35.443659 139.650847,横浜マリンタワー,2018/10/29 20:21,2018/10/29 20:21,2018/10/29 20:39,2018/10/29 20:39,,2018/10/29 20:14,0:13:44,0:13:44,,01,08,,,2018/10/29 20:14,2018/10/29 20:36,43402.843055555643402.8583333333,#N/A,,,,
-,-,20,2018/10/29 20:17,7408,乗客アプリ（地図から）,2291,494,10,1,,2018/10/29 20:28,2018/10/29 20:37,35.458507 139.628741,みなとみらいグランドセントラルタワー,35.443863 139.64702,ローズホテル横浜（横浜中華街内）,2018/10/29 20:26,2018/10/29 20:26,2018/10/29 20:39,2018/10/29 20:39,,2018/10/29 20:17,0:09:19,0:09:19,,02,10,,,2018/10/29 20:17,2018/10/29 20:37,43402.845138888943402.8590277778,#N/A,,,,
-,-,20,2018/10/29 20:18,7409,まちかど設置端末（地図から）,0,992,7,1,,2018/10/29 20:20,2018/10/29 20:40,35.451031 139.647069,横浜港大さん橋国際客船ターミナル,35.4587 139.625091,横浜アンパンマンこどもミュージアム,2018/10/29 20:21,2018/10/29 20:21,2018/10/29 20:37,2018/10/29 20:45,,2018/10/29 20:18,0:19:54,0:19:54,,00,02,,,2018/10/29 20:18,2018/10/29 20:40,43402.845833333343402.8611111111,#N/A,,,,
-,-,20,2018/10/29 20:20,7410,乗客アプリ（目的地から）,1742,372,7,1,,2018/10/29 20:27,2018/10/29 20:40,35.441441 139.648505,横浜中華街朱雀門,35.4587 139.625091,横浜アンパンマンこどもミュージアム,2018/10/29 20:27,2018/10/29 20:28,2018/10/29 20:44,2018/10/29 20:48,,2018/10/29 20:20,0:13:33,0:13:33,,00,07,,,2018/10/29 20:20,2018/10/29 20:40,43402.847222222243402.8611111111,#N/A,,,,
-,-,20,2018/10/29 20:21,7411,乗客アプリWeb（目的地から）,2669,751,5,1,,2018/10/29 20:28,2018/10/29 20:34,35.450681 139.632446,横浜桜木町ワシントンホテル,35.452963 139.642093,横浜赤レンガ倉庫,2018/10/29 20:25,2018/10/29 20:25,2018/10/29 20:35,2018/10/29 20:35,,2018/10/29 20:21,0:06:53,0:06:53,,02,06,,,2018/10/29 20:21,2018/10/29 20:34,43402.847916666743402.8569444444,肯定的,,,,
-,-,20,2018/10/29 20:25,7412,乗客アプリ（簡単予約）,2406,709,7,1,,2018/10/29 20:32,2018/10/29 20:44,35.443908 139.635249,イセザキ・モール,35.462896 139.63236,ホテルビスタプレミオみなとみらい,2018/10/29 20:35,2018/10/29 20:35,2018/10/29 20:53,2018/10/29 20:53,,2018/10/29 20:25,0:12:29,0:12:29,,00,06,,,2018/10/29 20:25,2018/10/29 20:44,43402.850694444443402.8638888889,#N/A,,,,
-,-,20,2018/10/29 20:27,7413,まちかど設置端末（地図から）,0,514,1,3,,2018/10/29 20:31,2018/10/29 20:37,35.456605 139.635327,横浜ベイホテル東急,35.4587 139.625091,横浜アンパンマンこどもミュージアム,2018/10/29 20:37,2018/10/29 20:37,2018/10/29 20:46,2018/10/29 20:46,,2018/10/29 20:27,0:06:05,0:18:15,,00,03,,,2018/10/29 20:27,2018/10/29 20:37,43402.852083333343402.8590277778,#N/A,,,,
★,-,20,2018/10/29 20:28,7414,乗客アプリ（簡単予約）,4337,1002,4,2,,2018/10/29 20:57,2018/10/29 21:09,35.443659 139.650847,横浜マリンタワー,35.45256 139.630848,ニューオータニイン横浜プレミアム,2018/10/29 20:58,2018/10/29 20:58,2018/10/29 21:11,2018/10/29 21:18,2018/10/29 20:58,2018/10/29 20:58,0:12:39,0:25:18,,00,00,,,2018/10/29 20:28,2018/10/29 21:09,43402.852777777843402.88125,#N/A,,,,
-,-,20,2018/10/29 20:30,7415,まちかど設置端末（店舗から）,0,551,5,1,,2018/10/29 20:32,2018/10/29 20:44,35.454425 139.64064,ＪＩＣＡ横浜 （海外移住資料館）,35.448676 139.635696,横浜平和プラザホテル,2018/10/29 20:35,2018/10/29 20:35,2018/10/29 20:45,2018/10/29 20:45,,2018/10/29 20:30,0:12:03,0:12:03,,00,01,,,2018/10/29 20:30,2018/10/29 20:44,43402.854166666743402.8638888889,#N/A,,,,
-,-,20,2018/10/29 20:37,7416,乗客アプリ（地図から）,1771,632,2,1,,2018/10/29 20:44,2018/10/29 20:50,35.455715 139.638114,横浜みなとみらい万葉倶楽部,35.450681 139.632446,横浜桜木町ワシントンホテル,2018/10/29 20:45,2018/10/29 20:45,2018/10/29 20:53,2018/10/29 20:56,,2018/10/29 20:37,0:06:47,0:06:47,,00,06,,,2018/10/29 20:37,2018/10/29 20:50,43402.859027777843402.8680555556,肯定的,,,,
-,-,20,2018/10/29 20:38,7417,まちかど設置端末（店舗から）,0,745,5,1,,2018/10/29 20:42,2018/10/29 20:47,35.450447 139.635947,みなとみらい線　馬車道駅,35.450681 139.632446,横浜桜木町ワシントンホテル,2018/10/29 20:44,2018/10/29 20:44,2018/10/29 20:51,2018/10/29 20:51,,2018/10/29 20:38,0:05:28,0:05:28,,00,04,,,2018/10/29 20:38,2018/10/29 20:47,43402.859722222243402.8659722222,#N/A,,,,
-,-,20,2018/10/29 20:38,7418,乗客アプリ（地図から）,1751,897,10,1,,2018/10/29 20:44,2018/10/29 20:54,35.443908 139.635249,イセザキ・モール,35.4587 139.625091,横浜アンパンマンこどもミュージアム,2018/10/29 20:44,2018/10/29 20:44,2018/10/29 20:56,2018/10/29 20:56,,2018/10/29 20:38,0:09:40,0:09:40,,00,06,,,2018/10/29 20:38,2018/10/29 20:54,43402.859722222243402.8708333333,#N/A,,,,
-,-,20,2018/10/29 20:41,7419,乗客アプリ（目的地から）,3945,378,2,1,,2018/10/29 20:47,2018/10/29 20:56,35.454389 139.630904,横浜ランドマークタワー,35.4587 139.625091,横浜アンパンマンこどもミュージアム,2018/10/29 20:51,2018/10/29 20:51,2018/10/29 21:05,2018/10/29 21:05,,2018/10/29 20:41,0:09:06,0:09:06,,00,05,,,2018/10/29 20:41,2018/10/29 20:56,43402.861805555643402.8722222222,#N/A,,,,
-,-,20,2018/10/29 20:46,7422,乗客アプリWeb（目的地から）,2669,783,7,1,,2018/10/29 20:50,2018/10/29 20:57,35.452963 139.642093,横浜赤レンガ倉庫,35.454389 139.630904,横浜ランドマークタワー,2018/10/29 20:53,2018/10/29 20:53,2018/10/29 21:04,2018/10/29 21:06,,2018/10/29 20:46,0:07:14,0:07:14,,00,03,,,2018/10/29 20:46,2018/10/29 20:57,43402.865277777843402.8729166667,肯定的,,,,
-,-,20,2018/10/29 20:46,7423,まちかど設置端末（店舗から）,0,440,9,2,,2018/10/29 20:48,2018/10/29 20:52,35.447541 139.644914,シルク博物館,35.443908 139.635249,イセザキ・モール,2018/10/29 20:50,2018/10/29 20:50,2018/10/29 20:57,2018/10/29 20:57,,2018/10/29 20:46,0:04:10,0:08:20,,00,01,,,2018/10/29 20:46,2018/10/29 20:52,43402.865277777843402.8694444444,#N/A,,,,
-,-,20,2018/10/29 20:49,7424,まちかど設置端末（店舗から）,0,1019,7,2,,2018/10/29 20:52,2018/10/29 21:00,35.454425 139.64064,ＪＩＣＡ横浜 （海外移住資料館）,35.450681 139.632446,横浜桜木町ワシントンホテル,2018/10/29 20:56,2018/10/29 20:56,2018/10/29 21:10,2018/10/29 21:10,,2018/10/29 20:49,0:07:34,0:15:08,,00,02,,,2018/10/29 20:49,2018/10/29 21:00,43402.867361111143402.875,#N/A,,,,
-,-,20,2018/10/29 20:55,7425,まちかど設置端末（店舗から）,0,397,9,1,,2018/10/29 20:58,2018/10/29 21:05,35.448676 139.635696,横浜平和プラザホテル,35.447546 139.64358,横浜開港資料館,2018/10/29 20:58,2018/10/29 20:58,2018/10/29 21:04,2018/10/29 21:04,,2018/10/29 20:55,0:06:45,0:06:45,,00,03,,,2018/10/29 20:55,2018/10/29 21:05,43402.871527777843402.8784722222,#N/A,,,,
-,-,20,2018/10/29 20:59,7426,乗客アプリ（目的地から）,2400,576,4,1,,2018/10/29 21:03,2018/10/29 21:09,35.454425 139.64064,ＪＩＣＡ横浜 （海外移住資料館）,35.45256 139.630848,ニューオータニイン横浜プレミアム,2018/10/29 21:07,2018/10/29 21:07,2018/10/29 21:17,2018/10/29 21:17,,2018/10/29 20:59,0:05:54,0:05:54,,00,04,,,2018/10/29 20:59,2018/10/29 21:09,43402.874305555643402.88125,#N/A,,,,
-,☆,20,2018/10/29 20:10,7403,乗客アプリ（目的地から）,2823,673,4,1,2018/10/29 20:10,,,35.454211 139.642721,MARINE & WALK YOKOHAMA,35.456605 139.635327,横浜ベイホテル東急,2018/10/29 20:20,,2018/10/29 20:41,,,2018/10/29 20:10,0:00:00,0:00:00,,00,10,,,2018/10/29 20:10,1900/1/0 0:00,43402.84027777780,#N/A,,,,
-,☆,20,2018/10/29 20:11,7404,乗客アプリ（目的地から）,2823,957,4,1,2018/10/29 20:11,,,35.454211 139.642721,MARINE & WALK YOKOHAMA,35.456605 139.635327,横浜ベイホテル東急,2018/10/29 20:22,,2018/10/29 20:42,,,2018/10/29 20:11,0:00:00,0:00:00,,00,11,,,2018/10/29 20:11,1900/1/0 0:00,43402.84097222220,#N/A,,,,
-,☆,20,2018/10/29 20:42,7420,乗客アプリWeb（目的地から）,2669,864,7,1,2018/10/29 20:45,,,35.452963 139.642093,横浜赤レンガ倉庫,35.454389 139.630904,横浜ランドマークタワー,2018/10/29 20:52,,2018/10/29 21:03,,,2018/10/29 20:42,0:00:00,0:00:00,,00,10,,,2018/10/29 20:42,1900/1/0 0:00,43402.86250,#N/A,,,,
-,☆,20,2018/10/29 20:45,7421,まちかど設置端末（店舗から）,0,481,9,3,2018/10/29 20:45,,,35.447541 139.644914,シルク博物館,35.443908 139.635249,イセザキ・モール,2018/10/29 20:47,,2018/10/29 20:55,,,2018/10/29 20:45,0:00:00,0:00:00,,00,01,,,2018/10/29 20:45,1900/1/0 0:00,43402.86458333330,#N/A,,,,
,,,,,,,,,,,,,,,,,,,,,,,,,,,,,,,,,,,,,
24,,,,,,79,,,,11,,13,,,,,,,,,,,,,,,24,,,,,,24 ,,,,
,,,,,,,,,,,,,,,,,,,,,,,,,,,11,,,,,,,,,,
