,,,日時,デマンドID,予約種別,乗客ユニークID,passengerID,車両ID,乗車人数,キャンセル時刻,乗車時刻,降車時刻,乗車位置（緯度、経度）,乗車乗降ポイント,降車位置（緯度、経度）,降車乗降ポイント,乗車予定時間（初回）,乗車予定時間（最終）,降車予定時間（初回）,降車予定時間（最終）,希望乗車時間,希望時間（理論値）,乗車時間,のべ乗車時間,時間帯合計・分(秒切捨）,遅れ時間,待ち時間,待ち時間（平均）,待ち時間（中央値）,,,
★,-,10,2018/10/12 6:05,2499,乗客アプリ（地図から）,2413,1020,1,2,,2018/10/12 10:14,2018/10/12 10:18,35.462896 139.63236,ホテルビスタプレミオみなとみらい,35.456605 139.635327,横浜ベイホテル東急,2018/10/12 10:06,2018/10/12 10:06,2018/10/12 10:22,2018/10/12 10:36,2018/10/12 10:00,2018/10/12 10:00,0:04:16,0:08:32,202,07,13,09,05,,,
-,-,10,2018/10/12 10:07,2512,乗客アプリ（目的地から）,2435,1043,3,2,,2018/10/12 10:12,2018/10/12 10:29,35.4587 139.625091,横浜アンパンマンこどもミュージアム,35.451031 139.647069,横浜港大さん橋国際客船ターミナル,2018/10/12 10:11,2018/10/12 10:11,2018/10/12 10:35,2018/10/12 10:35,,2018/10/12 10:07,0:17:32,0:35:04,,00,04,,,,,
★,-,10,2018/10/12 10:09,2513,乗客アプリ（地図から）,2351,1061,7,1,,2018/10/12 10:37,2018/10/12 10:47,35.454389 139.630904,横浜ランドマークタワー,35.445783 139.642958,横浜情報文化センター,2018/10/12 10:40,2018/10/12 10:40,2018/10/12 10:52,2018/10/12 11:03,2018/10/12 10:40,2018/10/12 10:40,0:09:24,0:09:24,,00,00,,,,,
-,-,10,2018/10/12 10:13,2515,乗客アプリ（目的地から）,1358,860,3,1,,2018/10/12 10:17,2018/10/12 10:25,35.450681 139.632446,横浜桜木町ワシントンホテル,35.452963 139.642093,横浜赤レンガ倉庫,2018/10/12 10:18,2018/10/12 10:18,2018/10/12 10:29,2018/10/12 10:32,,2018/10/12 10:13,0:07:29,0:07:29,,00,04,,,,,
-,-,10,2018/10/12 10:15,2516,街角設置端末（地図から）,0,312,1,1,,2018/10/12 10:26,2018/10/12 10:28,35.4587 139.625091,横浜アンパンマンこどもミュージアム,35.454389 139.630904,横浜ランドマークタワー,2018/10/12 10:23,2018/10/12 10:23,2018/10/12 10:31,2018/10/12 10:33,,2018/10/12 10:15,0:02:11,0:02:11,,02,11,,,,,
-,-,10,2018/10/12 10:15,2518,乗客アプリ（地図から）,1666,492,1,1,,2018/10/12 10:26,2018/10/12 10:35,35.4587 139.625091,横浜アンパンマンこどもミュージアム,35.455715 139.638114,横浜みなとみらい万葉倶楽部,2018/10/12 10:23,2018/10/12 10:23,2018/10/12 10:39,2018/10/12 10:49,,2018/10/12 10:15,0:09:30,0:09:30,,02,10,,,,,
-,-,10,2018/10/12 10:23,2523,街角設置端末（店舗から）,0,462,10,1,,2018/10/12 10:29,2018/10/12 10:36,35.448801 139.636702,ホテルルートイン横浜馬車道,35.458187 139.636985,ヨコハマ グランド インターコンチネンタル ホテル／パシフィコ横浜,2018/10/12 10:33,2018/10/12 10:33,2018/10/12 10:47,2018/10/12 10:47,,2018/10/12 10:23,0:07:23,0:07:23,,00,05,,,,,
-,-,10,2018/10/12 10:27,2525,乗客アプリ（地図から）,1312,877,2,1,,2018/10/12 10:33,2018/10/12 10:37,35.450447 139.635947,みなとみらい線　馬車道駅,35.454425 139.64064,ＪＩＣＡ横浜 （海外移住資料館）,2018/10/12 10:33,2018/10/12 10:33,2018/10/12 10:40,2018/10/12 10:40,,2018/10/12 10:27,0:03:35,0:03:35,,00,05,,,,,
-,-,10,2018/10/12 10:31,2526,街角設置端末（地図から）,0,842,7,1,,2018/10/12 10:32,2018/10/12 10:41,35.454389 139.630904,横浜ランドマークタワー,35.450681 139.632446,横浜桜木町ワシントンホテル,2018/10/12 10:33,2018/10/12 10:33,2018/10/12 10:44,2018/10/12 10:44,,2018/10/12 10:31,0:08:42,0:08:42,,00,01,,,,,
-,-,10,2018/10/12 10:47,2529,乗客アプリ（目的地から）,1742,398,6,1,,2018/10/12 10:50,2018/10/12 10:59,35.4587 139.625091,横浜アンパンマンこどもミュージアム,35.443073 139.651914,横浜人形の家,2018/10/12 10:55,2018/10/12 10:56,2018/10/12 11:21,2018/10/12 11:22,,2018/10/12 10:47,0:09:08,0:09:08,,00,03,,,,,
-,-,10,2018/10/12 10:47,2530,乗客アプリ（地図から）,1885,917,6,1,,2018/10/12 10:50,2018/10/12 10:59,35.4587 139.625091,横浜アンパンマンこどもミュージアム,35.443659 139.650847,横浜マリンタワー,2018/10/12 10:55,2018/10/12 10:55,2018/10/12 11:20,2018/10/12 11:20,,2018/10/12 10:47,0:08:29,0:08:29,,00,03,,,,,
-,-,10,2018/10/12 10:57,2531,街角設置端末（店舗から）,0,1007,5,2,,2018/10/12 11:03,2018/10/12 11:47,35.451031 139.647069,横浜港大さん橋国際客船ターミナル,35.454389 139.630904,横浜ランドマークタワー,2018/10/12 11:05,2018/10/12 11:05,2018/10/12 11:37,2018/10/12 11:37,,2018/10/12 10:57,0:43:52,1:27:44,,00,06,,,,,
-,-,10,2018/10/12 10:58,2532,乗客アプリ（目的地から）,2558,652,4,1,,2018/10/12 11:03,2018/10/12 11:08,35.450681 139.632446,横浜桜木町ワシントンホテル,35.455715 139.638114,横浜みなとみらい万葉倶楽部,2018/10/12 11:07,2018/10/12 11:07,2018/10/12 11:19,2018/10/12 11:19,,2018/10/12 10:58,0:05:00,0:05:00,,00,05,,,,,
★,☆,10,2018/10/12 6:57,2500,乗客アプリ（地図から）,2504,701,2,3,2018/10/12 7:50,,,35.45256 139.630848,ニューオータニイン横浜プレミアム,35.458507 139.628741,みなとみらいグランドセントラルタワー,2018/10/12 10:08,,2018/10/12 10:21,,2018/10/12 7:50,2018/10/12 7:50,0:00:00,0:00:00,,00,,,,,,
-,☆,10,2018/10/12 7:59,2501,乗客アプリ（地図から）,79,867,2,6,2018/10/12 7:59,,,35.454389 139.630904,横浜ランドマークタワー,35.447546 139.64358,横浜開港資料館,2018/10/12 10:06,,2018/10/12 10:23,,,2018/10/12 7:59,0:00:00,0:00:00,,00,,,,,,
★,☆,10,2018/10/12 9:04,2504,乗客アプリ（地図から）,2516,1107,8,1,2018/10/12 10:16,,,35.458187 139.636985,ヨコハマ グランド インターコンチネンタル ホテル／パシフィコ横浜,35.443073 139.651914,横浜人形の家,2018/10/12 10:11,,2018/10/12 10:31,,2018/10/12 10:00,2018/10/12 10:00,0:00:00,0:00:00,,00,16,,,,,
-,☆,10,2018/10/12 9:34,2505,乗客アプリ（目的地から）,2432,320,5,3,2018/10/12 9:34,,,35.443863 139.64702,ローズホテル横浜（横浜中華街内）,35.45435 139.631762,横浜ロイヤルパークホテル,2018/10/12 10:19,,2018/10/12 10:38,,,2018/10/12 9:34,0:00:00,0:00:00,,00,,,,,※19行と同一人物と思われるため一番短いものを採用,
★,☆,10,2018/10/12 9:35,2506,乗客アプリ（目的地から）,2432,1219,5,3,2018/10/12 9:35,,,35.443863 139.64702,ローズホテル横浜（横浜中華街内）,35.45435 139.631762,横浜ロイヤルパークホテル,2018/10/12 10:19,,2018/10/12 10:38,,2018/10/12 10:00,2018/10/12 10:00,0:00:00,0:00:00,,00,19,,,,※18行と同一人物と思われるため一番短いものを採用,
★,☆,10,2018/10/12 10:02,2509,乗客アプリ（目的地から）,1358,743,9,1,2018/10/12 10:13,,,35.450681 139.632446,横浜桜木町ワシントンホテル,35.452963 139.642093,横浜赤レンガ倉庫,2018/10/12 10:12,,2018/10/12 10:23,,2018/10/12 10:12,2018/10/12 10:12,0:00:00,0:00:00,,00,01,,,,,
-,☆,10,2018/10/12 10:06,2510,乗客アプリ（目的地から）,2435,617,10,1,2018/10/12 10:06,,,35.4587 139.625091,横浜アンパンマンこどもミュージアム,35.451031 139.647069,横浜港大さん橋国際客船ターミナル,2018/10/12 10:10,,2018/10/12 10:33,,,2018/10/12 10:06,0:00:00,0:00:00,,00,04,,,,,
-,☆,10,2018/10/12 10:16,2519,乗客アプリ（目的地から）,1312,1032,3,1,2018/10/12 10:16,,,35.450681 139.632446,横浜桜木町ワシントンホテル,35.454211 139.642721,MARINE & WALK YOKOHAMA,2018/10/12 10:18,,2018/10/12 10:29,,,2018/10/12 10:16,0:00:00,0:00:00,,00,02,,,,"※22,24行と同一人物と思われるため一番短いものを採用",
-,☆,10,2018/10/12 10:17,2520,街角設置端末（地図から）,0,856,9,1,2018/10/12 10:45,,,35.4587 139.625091,横浜アンパンマンこどもミュージアム,35.443659 139.650847,横浜マリンタワー,2018/10/12 10:23,,2018/10/12 10:47,,,2018/10/12 10:17,0:00:00,0:00:00,,00,27,,,,,
★,☆,10,2018/10/12 10:17,2521,乗客アプリ（目的地から）,1312,1280,9,1,2018/10/12 10:25,,,35.450681 139.632446,横浜桜木町ワシントンホテル,35.454211 139.642721,MARINE & WALK YOKOHAMA,2018/10/12 10:33,,2018/10/12 10:44,,2018/10/12 10:25,2018/10/12 10:25,0:00:00,0:00:00,,00,,,,,"※22,26行と同一人物と思われるため一番短いものを採用",
-,☆,10,2018/10/12 10:18,2522,街角設置端末（地図から）,0,1047,9,1,2018/10/12 10:45,,,35.4587 139.625091,横浜アンパンマンこどもミュージアム,35.44291 139.650404,みなとみらい線　元町・中華街駅,2018/10/12 10:24,,2018/10/12 11:00,,,2018/10/12 10:18,0:00:00,0:00:00,,00,27,,,,,
-,☆,10,2018/10/12 10:26,2524,乗客アプリ（目的地から）,1312,749,1,1,2018/10/12 10:26,,,35.450681 139.632446,横浜桜木町ワシントンホテル,35.454211 139.642721,MARINE & WALK YOKOHAMA,2018/10/12 10:37,,2018/10/12 10:54,,,2018/10/12 10:26,0:00:00,0:00:00,,00,,,,,"※22,24行と同一人物と思われるため一番短いものを採用",
★,☆,10,2018/10/12 10:33,2527,乗客アプリ（目的地から）,1748,995,7,1,2018/10/12 10:55,,,35.45256 139.630848,ニューオータニイン横浜プレミアム,35.443863 139.64702,ローズホテル横浜（横浜中華街内）,2018/10/12 10:48,,2018/10/12 11:07,,2018/10/12 10:38,2018/10/12 10:38,0:00:00,0:00:00,,00,16,,,,,
-,☆,10,2018/10/12 10:46,2528,乗客アプリ（地図から）,1885,489,9,1,2018/10/12 10:46,,,35.4587 139.625091,横浜アンパンマンこどもミュージアム,35.443659 139.650847,横浜マリンタワー,2018/10/12 10:55,,2018/10/12 11:19,,,2018/10/12 10:46,0:00:00,0:00:00,,00,09,,,,,
★,-,11,2018/10/12 8:53,2503,乗客アプリ（地図から）,1063,373,5,1,,2018/10/12 11:51,2018/10/12 12:01,35.456605 139.635327,横浜ベイホテル東急,35.443863 139.64702,ローズホテル横浜（横浜中華街内）,2018/10/12 11:45,2018/10/12 11:47,2018/10/12 12:02,2018/10/12 12:04,2018/10/12 11:45,2018/10/12 11:45,0:09:26,0:09:26,447,06,06,07,07,,,
★,-,11,2018/10/12 9:59,2508,乗客アプリ（目的地から）,2296,964,8,3,,2018/10/12 11:43,2018/10/12 11:47,35.445783 139.642958,横浜情報文化センター,35.443863 139.64702,ローズホテル横浜（横浜中華街内）,2018/10/12 11:35,2018/10/12 11:40,2018/10/12 11:42,2018/10/12 11:47,2018/10/12 11:35,2018/10/12 11:35,0:03:31,0:10:33,,08,08,,,,,
★,-,11,2018/10/12 10:07,2511,街角設置端末（店舗から）,0,1086,4,5,,2018/10/12 10:58,2018/10/12 11:10,35.45256 139.630848,ニューオータニイン横浜プレミアム,35.452963 139.642093,横浜赤レンガ倉庫,2018/10/12 11:00,2018/10/12 11:00,2018/10/12 11:18,2018/10/12 11:26,2018/10/12 11:00,2018/10/12 11:00,0:12:05,1:00:25,,00,00,,,,,
★,-,11,2018/10/12 10:15,2517,乗客アプリ（目的地から）,2543,1275,1,2,,2018/10/12 11:11,2018/10/12 11:19,35.462896 139.63236,ホテルビスタプレミオみなとみらい,35.455715 139.638114,横浜みなとみらい万葉倶楽部,2018/10/12 11:10,2018/10/12 11:10,2018/10/12 11:20,2018/10/12 11:20,2018/10/12 11:10,2018/10/12 11:10,0:07:58,0:15:56,,00,00,,,,,
-,-,11,2018/10/12 11:05,2535,街角設置端末（店舗から）,0,1042,5,2,,2018/10/12 11:05,2018/10/12 11:20,35.451031 139.647069,横浜港大さん橋国際客船ターミナル,35.454389 139.630904,横浜ランドマークタワー,2018/10/12 11:09,2018/10/12 11:09,2018/10/12 11:29,2018/10/12 11:29,,2018/10/12 11:05,0:14:27,0:28:54,,00,00,,,,,
-,-,11,2018/10/12 11:06,2536,街角設置端末（店舗から）,0,836,10,1,,2018/10/12 11:15,2018/10/12 11:21,35.458507 139.628741,みなとみらいグランドセントラルタワー,35.453715 139.638133,横浜ワールドポーターズ,2018/10/12 11:14,2018/10/12 11:14,2018/10/12 11:29,2018/10/12 11:29,,2018/10/12 11:06,0:06:13,0:06:13,,01,09,,,,,
★,-,11,2018/10/12 11:08,2537,乗客アプリ（地図から）,1996,715,8,1,,2018/10/12 11:36,2018/10/12 11:53,35.4587 139.625091,横浜アンパンマンこどもミュージアム,35.451031 139.647069,横浜港大さん橋国際客船ターミナル,2018/10/12 11:22,2018/10/12 11:22,2018/10/12 11:55,2018/10/12 11:55,2018/10/12 11:15,2018/10/12 11:15,0:17:24,0:17:24,,14,21,,,,,
-,-,11,2018/10/12 11:10,2538,乗客アプリ（目的地から）,1330,1076,7,1,,2018/10/12 11:20,2018/10/12 11:26,35.456605 139.635327,横浜ベイホテル東急,35.451031 139.647069,横浜港大さん橋国際客船ターミナル,2018/10/12 11:21,2018/10/12 11:21,2018/10/12 11:37,2018/10/12 11:37,,2018/10/12 11:10,0:06:50,0:06:50,,00,09,,,,,
-,-,11,2018/10/12 11:11,2539,街角設置端末（店舗から）,0,1146,3,3,,2018/10/12 11:15,2018/10/12 11:55,35.451031 139.647069,横浜港大さん橋国際客船ターミナル,35.450681 139.632446,横浜桜木町ワシントンホテル,2018/10/12 11:19,2018/10/12 11:19,2018/10/12 11:36,2018/10/12 11:30,,2018/10/12 11:11,0:40:12,2:00:36,,00,03,,,,,
-,-,11,2018/10/12 11:14,2542,乗客アプリ（地図から）,2558,604,6,1,,2018/10/12 11:19,2018/10/12 11:25,35.455715 139.638114,横浜みなとみらい万葉倶楽部,35.447541 139.644914,シルク博物館,2018/10/12 11:22,2018/10/12 11:22,2018/10/12 11:32,2018/10/12 11:32,,2018/10/12 11:14,0:06:04,0:06:04,,00,05,,,,,
-,-,11,2018/10/12 11:16,2544,街角設置端末（店舗から）,0,365,4,1,,2018/10/12 11:30,2018/10/12 11:39,35.4587 139.625091,横浜アンパンマンこどもミュージアム,35.452963 139.642093,横浜赤レンガ倉庫,2018/10/12 11:32,2018/10/12 11:32,2018/10/12 11:50,2018/10/12 11:52,,2018/10/12 11:16,0:09:09,0:09:09,,00,13,,,,,
-,-,11,2018/10/12 11:17,2545,乗客アプリ（目的地から）,2432,347,10,3,,2018/10/12 11:26,2018/10/12 11:29,35.45435 139.631762,横浜ロイヤルパークホテル,35.452963 139.642093,横浜赤レンガ倉庫,2018/10/12 11:25,2018/10/12 11:25,2018/10/12 11:45,2018/10/12 11:45,,2018/10/12 11:17,0:02:59,0:08:57,,00,08,,,,,
-,-,11,2018/10/12 11:19,2546,街角設置端末（店舗から）,0,1236,9,2,,2018/10/12 11:57,2018/10/12 11:58,35.451031 139.647069,横浜港大さん橋国際客船ターミナル,35.454389 139.630904,横浜ランドマークタワー,2018/10/12 11:26,2018/10/12 11:48,2018/10/12 11:46,2018/10/12 12:07,,2018/10/12 11:19,0:00:05,0:00:10,,31,38,,,,,
-,-,11,2018/10/12 11:19,2547,街角設置端末（店舗から）,0,998,2,1,,2018/10/12 11:27,2018/10/12 11:35,35.44291 139.650404,みなとみらい線　元町・中華街駅,35.447541 139.644914,シルク博物館,2018/10/12 11:28,2018/10/12 11:28,2018/10/12 11:36,2018/10/12 11:36,,2018/10/12 11:19,0:08:08,0:08:08,,00,07,,,,,
-,-,11,2018/10/12 11:22,2548,街角設置端末（店舗から）,0,1072,9,2,,2018/10/12 11:25,2018/10/12 11:37,35.451031 139.647069,横浜港大さん橋国際客船ターミナル,35.454389 139.630904,横浜ランドマークタワー,2018/10/12 11:26,2018/10/12 11:26,2018/10/12 11:46,2018/10/12 11:46,,2018/10/12 11:22,0:11:26,0:22:52,,00,03,,,,,
★,-,11,2018/10/12 11:26,2549,乗客アプリ（地図から）,2547,600,4,3,,2018/10/12 11:32,2018/10/12 11:49,35.458507 139.628741,みなとみらいグランドセントラルタワー,35.443863 139.64702,ローズホテル横浜（横浜中華街内）,2018/10/12 11:36,2018/10/12 11:36,2018/10/12 12:04,2018/10/12 12:04,2018/10/12 11:31,2018/10/12 11:31,0:16:54,0:50:42,,00,00,,,,,
-,-,11,2018/10/12 11:33,2550,街角設置端末（店舗から）,0,743,6,1,,2018/10/12 11:38,2018/10/12 11:43,35.4587 139.625091,横浜アンパンマンこどもミュージアム,35.450681 139.632446,横浜桜木町ワシントンホテル,2018/10/12 11:40,2018/10/12 11:40,2018/10/12 11:51,2018/10/12 11:51,,2018/10/12 11:33,0:04:54,0:04:54,,00,04,,,,,
-,-,11,2018/10/12 11:37,2551,街角設置端末（店舗から）,0,752,4,1,,2018/10/12 11:45,2018/10/12 11:57,35.447541 139.644914,シルク博物館,35.450447 139.635947,みなとみらい線　馬車道駅,2018/10/12 11:48,2018/10/12 11:48,2018/10/12 12:09,2018/10/12 12:09,,2018/10/12 11:37,0:12:36,0:12:36,,00,07,,,,,
-,-,11,2018/10/12 11:43,2552,乗客アプリ（目的地から）,2562,1104,7,1,,2018/10/12 11:51,2018/10/12 11:57,35.453715 139.638133,横浜ワールドポーターズ,35.458507 139.628741,みなとみらいグランドセントラルタワー,2018/10/12 11:50,2018/10/12 11:53,2018/10/12 12:03,2018/10/12 12:07,,2018/10/12 11:43,0:06:16,0:06:16,,01,08,,,,,
-,-,11,2018/10/12 11:44,2553,街角設置端末（地図から）,0,1125,6,1,,2018/10/12 11:49,2018/10/12 11:59,35.45256 139.630848,ニューオータニイン横浜プレミアム,35.44291 139.650404,みなとみらい線　元町・中華街駅,2018/10/12 11:49,2018/10/12 11:49,2018/10/12 12:09,2018/10/12 12:09,,2018/10/12 11:44,0:09:51,0:09:51,,00,04,,,,,
-,-,11,2018/10/12 11:45,2554,街角設置端末（地図から）,0,534,7,2,,2018/10/12 12:02,2018/10/12 12:17,35.458507 139.628741,みなとみらいグランドセントラルタワー,35.443569 139.641792,ダイワロイネットホテル横浜公園,2018/10/12 12:07,2018/10/12 12:07,2018/10/12 12:27,2018/10/12 12:43,,2018/10/12 11:45,0:15:33,0:31:06,,00,16,,,,,
★,☆,11,2018/10/12 9:50,2507,乗客アプリ（地図から）,2547,1131,5,2,2018/10/12 11:26,,,35.458507 139.628741,みなとみらいグランドセントラルタワー,35.443863 139.64702,ローズホテル横浜（横浜中華街内）,2018/10/12 11:30,,2018/10/12 12:03,,2018/10/12 11:30,2018/10/12 11:30,0:00:00,0:00:00,,00,00,,,,,
-,☆,11,2018/10/12 11:13,2541,乗客アプリ（地図から）,2504,933,6,3,2018/10/12 11:13,,,35.456605 139.635327,横浜ベイホテル東急,35.45256 139.630848,ニューオータニイン横浜プレミアム,2018/10/12 11:24,,2018/10/12 11:37,,,2018/10/12 11:13,0:00:00,0:00:00,,00,11,,,,,
★,☆,11,2018/10/12 11:15,2543,乗客アプリ（目的地から）,2432,1116,3,3,2018/10/12 11:15,,,35.45435 139.631762,横浜ロイヤルパークホテル,35.452963 139.642093,横浜赤レンガ倉庫,2018/10/12 11:40,,2018/10/12 11:53,,2018/10/12 11:40,2018/10/12 11:40,0:00:00,0:00:00,,00,00,,,,,
★,-,12,2018/10/12 10:11,2514,乗客アプリ（地図から）,2043,905,10,1,,2018/10/12 12:34,2018/10/12 12:40,35.458507 139.628741,みなとみらいグランドセントラルタワー,35.443908 139.635249,イセザキ・モール,2018/10/12 12:30,2018/10/12 12:30,2018/10/12 12:47,2018/10/12 12:47,2018/10/12 12:30,2018/10/12 12:30,0:06:38,0:06:38,243,04,04,07,06,,,
★,-,12,2018/10/12 11:12,2540,乗客アプリ（地図から）,2273,687,2,1,,2018/10/12 12:32,2018/10/12 12:38,35.454425 139.64064,ＪＩＣＡ横浜 （海外移住資料館）,35.447541 139.644914,シルク博物館,2018/10/12 12:33,2018/10/12 12:33,2018/10/12 12:41,2018/10/12 12:41,2018/10/12 12:33,2018/10/12 12:33,0:06:25,0:06:25,,00,00,,,,,
★,-,12,2018/10/12 11:47,2555,乗客アプリ（目的地から）,2504,552,9,3,,2018/10/12 12:20,2018/10/12 12:43,35.45256 139.630848,ニューオータニイン横浜プレミアム,35.455715 139.638114,横浜みなとみらい万葉倶楽部,2018/10/12 12:20,2018/10/12 12:20,2018/10/12 12:32,2018/10/12 12:32,2018/10/12 12:20,2018/10/12 12:20,0:22:14,1:06:42,,00,00,,,,,
★,-,12,2018/10/12 11:57,2556,乗客アプリ（地図から）,1338,1013,7,1,,2018/10/12 12:06,2018/10/12 12:10,35.4587 139.625091,横浜アンパンマンこどもミュージアム,35.456605 139.635327,横浜ベイホテル東急,2018/10/12 12:15,2018/10/12 12:15,2018/10/12 12:26,2018/10/12 12:26,2018/10/12 12:10,2018/10/12 12:10,0:04:04,0:04:04,,00,00,,,,,
-,-,12,2018/10/12 12:06,2558,街角設置端末（店舗から）,0,544,5,1,,2018/10/12 12:15,2018/10/12 12:24,35.451031 139.647069,横浜港大さん橋国際客船ターミナル,35.443908 139.635249,イセザキ・モール,2018/10/12 12:14,2018/10/12 12:14,2018/10/12 12:29,2018/10/12 12:29,,2018/10/12 12:06,0:08:51,0:08:51,,01,09,,,,,
-,-,12,2018/10/12 12:12,2560,乗客アプリ（目的地から）,2351,982,7,1,,2018/10/12 12:22,2018/10/12 12:33,35.445783 139.642958,横浜情報文化センター,35.454389 139.630904,横浜ランドマークタワー,2018/10/12 12:23,2018/10/12 12:24,2018/10/12 12:45,2018/10/12 12:44,,2018/10/12 12:12,0:11:02,0:11:02,,00,10,,,,,
-,-,12,2018/10/12 12:14,2561,乗客アプリ（地図から）,59,451,8,1,,2018/10/12 12:20,2018/10/12 12:30,35.454211 139.642721,MARINE & WALK YOKOHAMA,35.443908 139.635249,イセザキ・モール,2018/10/12 12:25,2018/10/12 12:25,2018/10/12 12:41,2018/10/12 12:41,,2018/10/12 12:14,0:10:10,0:10:10,,00,06,,,,,
-,-,12,2018/10/12 12:15,2562,乗客アプリ（目的地から）,1742,418,1,1,,2018/10/12 12:24,2018/10/12 12:32,35.448676 139.635696,横浜平和プラザホテル,35.443569 139.641792,ダイワロイネットホテル横浜公園,2018/10/12 12:29,2018/10/12 12:29,2018/10/12 12:38,2018/10/12 12:38,,2018/10/12 12:15,0:08:12,0:08:12,,00,08,,,,,
-,-,12,2018/10/12 12:18,2565,乗客アプリ（目的地から）,2558,962,7,1,,2018/10/12 12:25,2018/10/12 12:38,35.447541 139.644914,シルク博物館,35.458187 139.636985,ヨコハマ グランド インターコンチネンタル ホテル／パシフィコ横浜,2018/10/12 12:28,2018/10/12 12:28,2018/10/12 12:53,2018/10/12 12:53,,2018/10/12 12:18,0:13:12,0:13:12,,00,07,,,,,
★,-,12,2018/10/12 12:30,2569,乗客アプリ（地図から）,2547,906,1,1,,2018/10/12 12:38,2018/10/12 12:48,35.443863 139.64702,ローズホテル横浜（横浜中華街内）,35.458507 139.628741,みなとみらいグランドセントラルタワー,2018/10/12 12:42,2018/10/12 12:42,2018/10/12 13:04,2018/10/12 13:07,2018/10/12 12:42,2018/10/12 12:42,0:10:16,0:10:16,,00,00,,,,,
★,-,12,2018/10/12 12:30,2570,乗客アプリ（目的地から）,2575,1284,1,1,,2018/10/12 12:38,2018/10/12 12:48,35.443863 139.64702,ローズホテル横浜（横浜中華街内）,35.458507 139.628741,みなとみらいグランドセントラルタワー,2018/10/12 12:40,2018/10/12 12:40,2018/10/12 13:04,2018/10/12 13:06,2018/10/12 12:40,2018/10/12 12:40,0:10:18,0:10:18,,00,00,,,,,
★,-,12,2018/10/12 12:31,2571,乗客アプリ（地図から）,2550,511,1,1,,2018/10/12 12:38,2018/10/12 12:48,35.443863 139.64702,ローズホテル横浜（横浜中華街内）,35.458507 139.628741,みなとみらいグランドセントラルタワー,2018/10/12 12:44,2018/10/12 12:44,2018/10/12 13:06,2018/10/12 13:06,2018/10/12 12:44,2018/10/12 12:44,0:09:54,0:09:54,,00,00,,,,,
★,-,12,2018/10/12 12:32,2573,乗客アプリ（簡単予約）,2296,979,3,3,,2018/10/12 12:49,2018/10/12 12:54,35.443863 139.64702,ローズホテル横浜（横浜中華街内）,35.445783 139.642958,横浜情報文化センター,2018/10/12 12:40,2018/10/12 12:40,2018/10/12 12:49,2018/10/12 12:49,2018/10/12 12:40,2018/10/12 12:40,0:04:49,0:14:27,,08,08,,,,,
-,-,12,2018/10/12 12:41,2576,街角設置端末（地図から）,0,576,8,2,,2018/10/12 12:47,2018/10/12 12:54,35.451031 139.647069,横浜港大さん橋国際客船ターミナル,35.456605 139.635327,横浜ベイホテル東急,2018/10/12 12:51,2018/10/12 12:51,2018/10/12 13:13,2018/10/12 13:13,,2018/10/12 12:41,0:07:06,0:14:12,,00,05,,,,,
-,-,12,2018/10/12 12:45,2578,乗客アプリ（目的地から）,2432,668,2,3,,2018/10/12 12:51,2018/10/12 12:57,35.451031 139.647069,横浜港大さん橋国際客船ターミナル,35.443659 139.650847,横浜マリンタワー,2018/10/12 12:53,2018/10/12 12:53,2018/10/12 13:05,2018/10/12 13:05,,2018/10/12 12:45,0:05:38,0:16:54,,00,06,,,,,
-,-,12,2018/10/12 12:52,2579,街角設置端末（地図から）,0,865,10,2,,2018/10/12 12:54,2018/10/12 13:06,35.454389 139.630904,横浜ランドマークタワー,35.451031 139.647069,横浜港大さん橋国際客船ターミナル,2018/10/12 12:57,2018/10/12 12:57,2018/10/12 13:15,2018/10/12 13:15,,2018/10/12 12:52,0:12:05,0:24:10,,00,01,,,,,
-,-,12,2018/10/12 12:54,2580,乗客アプリ（目的地から）,1742,475,3,1,,2018/10/12 12:58,2018/10/12 13:06,35.443569 139.641792,ダイワロイネットホテル横浜公園,35.445857 139.647636,ホテルモントレ横浜,2018/10/12 12:58,2018/10/12 13:00,2018/10/12 13:08,2018/10/12 13:10,,2018/10/12 12:54,0:08:04,0:08:04,,00,03,,,,,
★,☆,12,2018/10/12 8:14,2502,乗客アプリ（地図から）,2043,778,2,1,2018/10/12 10:09,,,35.4587 139.625091,横浜アンパンマンこどもミュージアム,35.443908 139.635249,イセザキ・モール,2018/10/12 12:30,,2018/10/12 12:48,,2018/10/12 12:30,2018/10/12 12:30,0:00:00,0:00:00,,00,00,,,,,
-,☆,12,2018/10/12 12:10,2559,街角設置端末（店舗から）,0,1209,6,2,2018/10/12 12:34,,,35.451031 139.647069,横浜港大さん橋国際客船ターミナル,35.441441 139.648505,横浜中華街朱雀門,2018/10/12 12:19,,2018/10/12 12:32,,,2018/10/12 12:10,0:00:00,0:00:00,,00,24,,,,,
-,☆,12,2018/10/12 12:15,2563,乗客アプリ（目的地から）,1663,860,9,1,2018/10/12 12:19,,,35.447541 139.644914,シルク博物館,35.458187 139.636985,ヨコハマ グランド インターコンチネンタル ホテル／パシフィコ横浜,2018/10/12 12:41,,2018/10/12 12:58,,,2018/10/12 12:15,0:00:00,0:00:00,,00,25,,,,,
-,☆,12,2018/10/12 12:17,2564,街角設置端末（店舗から）,0,664,2,1,2018/10/12 12:40,,,35.443073 139.651914,横浜人形の家,35.451031 139.647069,横浜港大さん橋国際客船ターミナル,2018/10/12 12:48,,2018/10/12 13:00,,,2018/10/12 12:17,0:00:00,0:00:00,,00,30,,,,,
★,☆,12,2018/10/12 12:26,2568,乗客アプリ（地図から）,2547,1205,1,1,2018/10/12 12:27,,,35.443863 139.64702,ローズホテル横浜（横浜中華街内）,35.458507 139.628741,みなとみらいグランドセントラルタワー,2018/10/12 12:34,,2018/10/12 13:03,,2018/10/12 12:25,2018/10/12 12:25,0:00:00,0:00:00,,00,09,,,,,
★,☆,12,2018/10/12 12:39,2575,乗客アプリ（目的地から）,2561,1114,10,2,2018/10/12 12:59,,,35.454389 139.630904,横浜ランドマークタワー,35.441441 139.648505,横浜中華街朱雀門,2018/10/12 12:56,,2018/10/12 13:15,,2018/10/12 12:50,2018/10/12 12:50,0:00:00,0:00:00,,00,08,,,,,
★,-,13,2018/10/12 12:44,2577,乗客アプリ（目的地から）,2569,819,1,4,,2018/10/12 12:57,2018/10/12 13:01,35.4587 139.625091,横浜アンパンマンこどもミュージアム,35.454389 139.630904,横浜ランドマークタワー,2018/10/12 13:02,2018/10/12 13:02,2018/10/12 13:12,2018/10/12 13:12,2018/10/12 13:00,2018/10/12 13:00,0:03:55,0:15:40,399,00,00,06,06,,,
★,-,13,2018/10/12 12:57,2581,乗客アプリ（地図から）,2273,630,3,1,,2018/10/12 13:03,2018/10/12 13:12,35.447541 139.644914,シルク博物館,35.454425 139.64064,ＪＩＣＡ横浜 （海外移住資料館）,2018/10/12 13:14,2018/10/12 13:14,2018/10/12 13:25,2018/10/12 13:25,2018/10/12 13:05,2018/10/12 13:05,0:09:12,0:09:12,,00,00,,,,,
-,-,13,2018/10/12 13:00,2582,乗客アプリ（目的地から）,2561,587,10,2,,2018/10/12 13:13,2018/10/12 13:21,35.45435 139.631762,横浜ロイヤルパークホテル,35.441441 139.648505,横浜中華街朱雀門,2018/10/12 13:08,2018/10/12 13:20,2018/10/12 13:37,2018/10/12 13:40,,2018/10/12 13:00,0:08:03,0:16:06,,04,13,,,,,
-,-,13,2018/10/12 13:03,2583,乗客アプリ（目的地から）,2543,343,1,2,,2018/10/12 13:15,2018/10/12 13:21,35.455715 139.638114,横浜みなとみらい万葉倶楽部,35.445783 139.642958,横浜情報文化センター,2018/10/12 13:12,2018/10/12 13:16,2018/10/12 13:25,2018/10/12 13:29,,2018/10/12 13:03,0:06:13,0:12:26,,03,12,,,,,
-,-,13,2018/10/12 13:06,2584,街角設置端末（地図から）,0,639,2,1,,2018/10/12 13:13,2018/10/12 13:40,35.4587 139.625091,横浜アンパンマンこどもミュージアム,35.443908 139.635249,イセザキ・モール,2018/10/12 13:19,2018/10/12 13:19,2018/10/12 13:38,2018/10/12 13:38,,2018/10/12 13:06,0:27:35,0:27:35,,00,06,,,,,
-,-,13,2018/10/12 13:08,2586,乗客アプリ（簡単予約）,2518,435,4,1,,2018/10/12 13:15,2018/10/12 13:20,35.450447 139.635947,みなとみらい線　馬車道駅,35.456605 139.635327,横浜ベイホテル東急,2018/10/12 13:15,2018/10/12 13:17,2018/10/12 13:26,2018/10/12 13:29,,2018/10/12 13:08,0:05:11,0:05:11,,00,07,,,,,
★,-,13,2018/10/12 13:09,2587,乗客アプリ（地図から）,1706,1078,1,1,,2018/10/12 13:30,2018/10/12 13:40,35.451031 139.647069,横浜港大さん橋国際客船ターミナル,35.454211 139.642721,MARINE & WALK YOKOHAMA,2018/10/12 13:34,2018/10/12 13:34,2018/10/12 13:47,2018/10/12 13:48,2018/10/12 13:30,2018/10/12 13:30,0:09:55,0:09:55,,00,00,,,,,
★,-,13,2018/10/12 13:11,2589,乗客アプリ（目的地から）,2558,1104,4,1,,2018/10/12 13:38,2018/10/12 13:43,35.456605 139.635327,横浜ベイホテル東急,35.4587 139.625091,横浜アンパンマンこどもミュージアム,2018/10/12 13:40,2018/10/12 13:44,2018/10/12 13:52,2018/10/12 13:57,2018/10/12 13:40,2018/10/12 13:40,0:05:20,0:05:20,,00,00,,,,,
-,-,13,2018/10/12 13:18,2592,街角設置端末（店舗から）,0,860,6,4,,2018/10/12 13:31,2018/10/12 13:51,35.451031 139.647069,横浜港大さん橋国際客船ターミナル,35.454389 139.630904,横浜ランドマークタワー,2018/10/12 13:32,2018/10/12 13:32,2018/10/12 13:54,2018/10/12 14:11,,2018/10/12 13:18,0:20:10,1:20:40,,00,12,,,,,
★,-,13,2018/10/12 13:20,2593,乗客アプリ（目的地から）,2581,621,2,2,,2018/10/12 13:29,2018/10/12 13:47,35.456605 139.635327,横浜ベイホテル東急,35.441441 139.648505,横浜中華街朱雀門,2018/10/12 13:31,2018/10/12 13:31,2018/10/12 14:02,2018/10/12 14:02,2018/10/12 13:22,2018/10/12 13:22,0:18:05,0:36:10,,00,06,,,,,
-,-,13,2018/10/12 13:22,2595,乗客アプリ（目的地から）,59,463,3,1,,2018/10/12 13:39,2018/10/12 13:52,35.443908 139.635249,イセザキ・モール,35.443863 139.64702,ローズホテル横浜（横浜中華街内）,2018/10/12 13:43,2018/10/12 13:43,2018/10/12 13:55,2018/10/12 13:55,,2018/10/12 13:22,0:12:24,0:12:24,,00,16,,,,,
-,-,13,2018/10/12 13:30,2596,街角設置端末（地図から）,0,328,1,2,,2018/10/12 13:33,2018/10/12 13:47,35.451031 139.647069,横浜港大さん橋国際客船ターミナル,35.4587 139.625091,横浜アンパンマンこどもミュージアム,2018/10/12 13:34,2018/10/12 13:34,2018/10/12 14:08,2018/10/12 14:08,,2018/10/12 13:30,0:14:21,0:28:42,,00,02,,,,,
★,-,13,2018/10/12 13:32,2597,乗客アプリ（地図から）,2137,993,6,1,,2018/10/12 13:39,2018/10/12 13:47,35.441441 139.648505,横浜中華街朱雀門,35.443908 139.635249,イセザキ・モール,2018/10/12 13:42,2018/10/12 13:42,2018/10/12 13:56,2018/10/12 13:56,2018/10/12 13:40,2018/10/12 13:40,0:07:23,0:07:23,,00,00,,,,,
-,-,13,2018/10/12 13:37,2601,街角設置端末（地図から）,0,1033,7,1,,2018/10/12 13:41,2018/10/12 13:51,35.448676 139.635696,横浜平和プラザホテル,35.454211 139.642721,MARINE & WALK YOKOHAMA,2018/10/12 13:43,2018/10/12 13:43,2018/10/12 13:53,2018/10/12 13:53,,2018/10/12 13:37,0:09:37,0:09:37,,00,04,,,,,
-,-,13,2018/10/12 13:40,2602,乗客アプリ（目的地から）,1742,503,5,1,,2018/10/12 13:47,2018/10/12 14:00,35.443704 139.651332,ホテルメルパルク横浜,35.4587 139.625091,横浜アンパンマンこどもミュージアム,2018/10/12 13:50,2018/10/12 13:51,2018/10/12 14:18,2018/10/12 14:27,,2018/10/12 13:40,0:13:19,0:13:19,,00,06,,,,,
-,-,13,2018/10/12 13:42,2604,乗客アプリ（目的地から）,1373,855,3,1,,2018/10/12 13:48,2018/10/12 14:00,35.443569 139.641792,ダイワロイネットホテル横浜公園,35.452963 139.642093,横浜赤レンガ倉庫,2018/10/12 13:48,2018/10/12 13:48,2018/10/12 14:09,2018/10/12 14:09,,2018/10/12 13:42,0:11:57,0:11:57,,00,06,,,,,
-,-,13,2018/10/12 13:44,2605,乗客アプリ（地図から）,1706,1149,7,1,,2018/10/12 13:51,2018/10/12 13:58,35.454211 139.642721,MARINE & WALK YOKOHAMA,35.458507 139.628741,みなとみらいグランドセントラルタワー,2018/10/12 13:55,2018/10/12 13:55,2018/10/12 14:13,2018/10/12 14:13,,2018/10/12 13:44,0:07:17,0:07:17,,00,06,,,,,
-,-,13,2018/10/12 13:44,2606,街角設置端末（店舗から）,0,910,8,1,,2018/10/12 13:52,2018/10/12 14:11,35.447541 139.644914,シルク博物館,35.458187 139.636985,ヨコハマ グランド インターコンチネンタル ホテル／パシフィコ横浜,2018/10/12 13:55,2018/10/12 13:55,2018/10/12 14:12,2018/10/12 14:24,,2018/10/12 13:44,0:19:35,0:19:35,,00,07,,,,,
-,-,13,2018/10/12 13:46,2607,街角設置端末（地図から）,0,1131,2,1,,2018/10/12 14:00,2018/10/12 14:19,35.451031 139.647069,横浜港大さん橋国際客船ターミナル,35.462896 139.63236,ホテルビスタプレミオみなとみらい,2018/10/12 14:01,2018/10/12 14:01,2018/10/12 14:23,2018/10/12 14:23,,2018/10/12 13:46,0:19:28,0:19:28,,00,13,,,,,
★,-,13,2018/10/12 13:46,2608,乗客アプリ（目的地から）,2569,526,4,4,,2018/10/12 13:50,2018/10/12 13:59,35.454389 139.630904,横浜ランドマークタワー,35.451031 139.647069,横浜港大さん橋国際客船ターミナル,2018/10/12 13:55,2018/10/12 13:55,2018/10/12 14:14,2018/10/12 14:14,2018/10/12 13:55,2018/10/12 13:55,0:09:01,0:36:04,,00,00,,,,,
-,-,13,2018/10/12 13:54,2612,街角設置端末（地図から）,0,345,6,1,,2018/10/12 14:01,2018/10/12 14:09,35.4587 139.625091,横浜アンパンマンこどもミュージアム,35.454389 139.630904,横浜ランドマークタワー,2018/10/12 14:05,2018/10/12 14:14,2018/10/12 14:12,2018/10/12 14:22,,2018/10/12 13:54,0:08:36,0:08:36,,00,06,,,,,
-,-,13,2018/10/12 13:58,2614,街角設置端末（店舗から）,0,1029,9,1,,2018/10/12 14:04,2018/10/12 14:11,35.44291 139.650404,みなとみらい線　元町・中華街駅,35.450447 139.635947,みなとみらい線　馬車道駅,2018/10/12 14:04,2018/10/12 14:04,2018/10/12 14:20,2018/10/12 14:20,,2018/10/12 13:58,0:06:53,0:06:53,,00,05,,,,,
-,☆,13,2018/10/12 13:21,2594,街角設置端末（地図から）,0,683,5,1,2018/10/12 13:32,,,35.448676 139.635696,横浜平和プラザホテル,35.454211 139.642721,MARINE & WALK YOKOHAMA,2018/10/12 13:24,,2018/10/12 13:34,,,2018/10/12 13:21,0:00:00,0:00:00,,00,10,,,,,
-,☆,13,2018/10/12 13:53,2610,乗客アプリ（地図から）,2043,1015,8,1,2018/10/12 13:57,,,35.443908 139.635249,イセザキ・モール,35.458507 139.628741,みなとみらいグランドセントラルタワー,2018/10/12 14:03,,2018/10/12 14:34,,,2018/10/12 13:53,0:00:00,0:00:00,,00,09,,,,,
★,-,14,2018/10/12 13:36,2599,街角設置端末（店舗から）,0,1289,4,1,,2018/10/12 14:55,2018/10/12 15:01,35.454389 139.630904,横浜ランドマークタワー,35.4587 139.625091,横浜アンパンマンこどもミュージアム,2018/10/12 14:50,2018/10/12 14:50,2018/10/12 15:00,2018/10/12 15:00,2018/10/12 14:50,2018/10/12 14:50,0:06:02,0:06:02,247,05,05,05,05,,,
★,-,14,2018/10/12 13:48,2609,街角設置端末（店舗から）,0,998,8,1,,2018/10/12 13:52,2018/10/12 14:01,35.447541 139.644914,シルク博物館,35.45256 139.630848,ニューオータニイン横浜プレミアム,2018/10/12 14:00,2018/10/12 14:00,2018/10/12 14:13,2018/10/12 14:13,2018/10/12 14:00,2018/10/12 14:00,0:09:50,0:09:50,,00,00,,,,,
★,-,14,2018/10/12 13:55,2613,乗客アプリ（目的地から）,2084,840,6,1,,2018/10/12 14:06,2018/10/12 14:10,35.4587 139.625091,横浜アンパンマンこどもミュージアム,35.454389 139.630904,横浜ランドマークタワー,2018/10/12 14:15,2018/10/12 14:15,2018/10/12 14:22,2018/10/12 14:22,2018/10/12 14:10,2018/10/12 14:10,0:03:36,0:03:36,,00,00,,,,,
-,-,14,2018/10/12 14:03,2615,乗客アプリ（目的地から）,2335,737,5,1,,2018/10/12 14:08,2018/10/12 14:27,35.4587 139.625091,横浜アンパンマンこどもミュージアム,35.443659 139.650847,横浜マリンタワー,2018/10/12 14:12,2018/10/12 14:13,2018/10/12 14:37,2018/10/12 14:49,,2018/10/12 14:03,0:18:48,0:18:48,,00,05,,,,,
-,-,14,2018/10/12 14:03,2616,街角設置端末（店舗から）,0,1278,8,3,,2018/10/12 14:12,2018/10/12 14:21,35.458187 139.636985,ヨコハマ グランド インターコンチネンタル ホテル／パシフィコ横浜,35.456605 139.635327,横浜ベイホテル東急,2018/10/12 14:12,2018/10/12 14:12,2018/10/12 14:25,2018/10/12 14:25,,2018/10/12 14:03,0:09:01,0:27:03,,00,08,,,,,
-,-,14,2018/10/12 14:03,2617,乗客アプリ（目的地から）,2086,670,5,1,,2018/10/12 14:11,2018/10/12 14:16,35.4587 139.625091,横浜アンパンマンこどもミュージアム,35.455715 139.638114,横浜みなとみらい万葉倶楽部,2018/10/12 14:13,2018/10/12 14:13,2018/10/12 14:27,2018/10/12 14:27,,2018/10/12 14:03,0:04:22,0:04:22,,00,07,,,,,
-,-,14,2018/10/12 14:06,2618,乗客アプリ（目的地から）,1328,894,5,1,,2018/10/12 14:09,2018/10/12 14:09,35.4587 139.625091,横浜アンパンマンこどもミュージアム,35.451031 139.647069,横浜港大さん橋国際客船ターミナル,2018/10/12 14:12,2018/10/12 14:12,2018/10/12 14:39,2018/10/12 14:40,,2018/10/12 14:06,0:00:12,0:00:12,,00,02,,,,,
-,-,14,2018/10/12 14:07,2619,乗客アプリ（簡単予約）,1668,565,5,1,,2018/10/12 14:09,2018/10/12 14:23,35.4587 139.625091,横浜アンパンマンこどもミュージアム,35.451031 139.647069,横浜港大さん橋国際客船ターミナル,2018/10/12 14:10,2018/10/12 14:10,2018/10/12 14:39,2018/10/12 14:39,,2018/10/12 14:07,0:14:15,0:14:15,,00,01,,,,,
-,-,14,2018/10/12 14:09,2620,乗客アプリ（目的地から）,2584,616,3,1,,2018/10/12 14:12,2018/10/12 14:16,35.456605 139.635327,横浜ベイホテル東急,35.452963 139.642093,横浜赤レンガ倉庫,2018/10/12 14:19,2018/10/12 14:19,2018/10/12 14:27,2018/10/12 14:27,,2018/10/12 14:09,0:04:02,0:04:02,,00,02,,,,,
-,-,14,2018/10/12 14:09,2621,街角設置端末（地図から）,0,559,6,5,,2018/10/12 14:14,2018/10/12 14:19,35.4587 139.625091,横浜アンパンマンこどもミュージアム,35.453715 139.638133,横浜ワールドポーターズ,2018/10/12 14:20,2018/10/12 14:20,2018/10/12 14:41,2018/10/12 14:41,,2018/10/12 14:09,0:04:31,0:22:35,,00,05,,,,,
-,-,14,2018/10/12 14:10,2622,乗客アプリ（目的地から）,1334,1146,2,1,,2018/10/12 14:14,2018/10/12 14:19,35.458507 139.628741,みなとみらいグランドセントラルタワー,35.462896 139.63236,ホテルビスタプレミオみなとみらい,2018/10/12 14:19,2018/10/12 14:19,2018/10/12 14:27,2018/10/12 14:27,,2018/10/12 14:10,0:04:46,0:04:46,,00,04,,,,,
-,-,14,2018/10/12 14:15,2623,街角設置端末（地図から）,0,1213,3,2,,2018/10/12 14:21,2018/10/12 14:26,35.451031 139.647069,横浜港大さん橋国際客船ターミナル,35.443073 139.651914,横浜人形の家,2018/10/12 14:26,2018/10/12 14:26,2018/10/12 14:38,2018/10/12 14:38,,2018/10/12 14:15,0:05:41,0:11:22,,00,05,,,,,
-,-,14,2018/10/12 14:25,2624,乗客アプリ（地図から）,1742,658,8,1,,2018/10/12 14:32,2018/10/12 14:38,35.458507 139.628741,みなとみらいグランドセントラルタワー,35.456605 139.635327,横浜ベイホテル東急,2018/10/12 14:34,2018/10/12 14:34,2018/10/12 14:44,2018/10/12 14:44,,2018/10/12 14:25,0:06:13,0:06:13,,00,07,,,,,
-,-,14,2018/10/12 14:31,2626,乗客アプリ（目的地から）,1334,789,9,1,,2018/10/12 14:37,2018/10/12 14:43,35.462896 139.63236,ホテルビスタプレミオみなとみらい,35.458507 139.628741,みなとみらいグランドセントラルタワー,2018/10/12 14:41,2018/10/12 14:41,2018/10/12 14:50,2018/10/12 14:50,,2018/10/12 14:31,0:05:55,0:05:55,,00,06,,,,,
-,-,14,2018/10/12 14:32,2627,乗客アプリ（地図から）,2505,993,5,1,,2018/10/12 14:40,2018/10/12 14:48,35.450681 139.632446,横浜桜木町ワシントンホテル,35.445857 139.647636,ホテルモントレ横浜,2018/10/12 14:41,2018/10/12 14:41,2018/10/12 14:55,2018/10/12 14:55,,2018/10/12 14:32,0:08:52,0:08:52,,00,07,,,,,
-,-,14,2018/10/12 14:35,2628,街角設置端末（店舗から）,0,505,6,2,,2018/10/12 14:43,2018/10/12 14:53,35.451031 139.647069,横浜港大さん橋国際客船ターミナル,35.454389 139.630904,横浜ランドマークタワー,2018/10/12 14:46,2018/10/12 14:46,2018/10/12 15:06,2018/10/12 15:06,,2018/10/12 14:35,0:10:38,0:21:16,,00,07,,,,,
-,-,14,2018/10/12 14:40,2629,街角設置端末（店舗から）,0,1217,10,4,,2018/10/12 14:48,2018/10/12 14:54,35.450681 139.632446,横浜桜木町ワシントンホテル,35.456605 139.635327,横浜ベイホテル東急,2018/10/12 14:50,2018/10/12 14:50,2018/10/12 15:02,2018/10/12 15:02,,2018/10/12 14:40,0:05:46,0:23:04,,00,07,,,,,
-,-,14,2018/10/12 14:48,2630,乗客アプリ（目的地から）,2569,768,5,4,,2018/10/12 14:53,2018/10/12 15:03,35.451031 139.647069,横浜港大さん橋国際客船ターミナル,35.45435 139.631762,横浜ロイヤルパークホテル,2018/10/12 14:59,2018/10/12 14:59,2018/10/12 15:19,2018/10/12 15:19,,2018/10/12 14:48,0:10:40,0:42:40,,00,04,,,,,
-,-,14,2018/10/12 14:53,2632,乗客アプリ（目的地から）,1334,802,9,1,,2018/10/12 15:00,2018/10/12 15:05,35.458507 139.628741,みなとみらいグランドセントラルタワー,35.454425 139.64064,ＪＩＣＡ横浜 （海外移住資料館）,2018/10/12 15:01,2018/10/12 15:01,2018/10/12 15:14,2018/10/12 15:14,,2018/10/12 14:53,0:05:06,0:05:06,,00,06,,,,,
-,-,14,2018/10/12 14:57,2633,街角設置端末（地図から）,0,389,8,1,,2018/10/12 15:07,2018/10/12 15:14,35.443569 139.641792,ダイワロイネットホテル横浜公園,35.458507 139.628741,みなとみらいグランドセントラルタワー,2018/10/12 15:04,2018/10/12 15:04,2018/10/12 15:27,2018/10/12 15:27,,2018/10/12 14:57,0:07:41,0:07:41,,03,09,,,,,
★,☆,14,2018/10/12 13:36,2600,乗客アプリ（地図から）,2043,874,1,1,2018/10/12 13:40,,,35.443908 139.635249,イセザキ・モール,35.4587 139.625091,横浜アンパンマンこどもミュージアム,2018/10/12 14:00,,2018/10/12 14:21,,2018/10/12 14:00,2018/10/12 14:00,0:00:00,0:00:00,,00,00,,,,,
★,☆,14,2018/10/12 13:40,2603,乗客アプリ（地図から）,2043,1279,5,1,2018/10/12 13:53,,,35.443908 139.635249,イセザキ・モール,35.458507 139.628741,みなとみらいグランドセントラルタワー,2018/10/12 14:07,,2018/10/12 14:31,,2018/10/12 14:00,2018/10/12 14:00,0:00:00,0:00:00,,00,07,,,,,
★,-,15,2018/10/12 13:11,2590,乗客アプリ（地図から）,1949,1141,10,1,,2018/10/12 15:17,2018/10/12 15:44,35.445783 139.642958,横浜情報文化センター,35.454389 139.630904,横浜ランドマークタワー,2018/10/12 15:30,2018/10/12 15:30,2018/10/12 15:45,2018/10/12 15:58,2018/10/12 15:30,2018/10/12 15:30,0:26:44,0:26:44,312,00,00,06,05,,,
★,-,15,2018/10/12 14:26,2625,街角設置端末（店舗から）,0,510,2,1,,2018/10/12 15:05,2018/10/12 15:17,35.453715 139.638133,横浜ワールドポーターズ,35.443908 139.635249,イセザキ・モール,2018/10/12 15:07,2018/10/12 15:07,2018/10/12 15:23,2018/10/12 15:23,2018/10/12 15:00,2018/10/12 15:00,0:11:23,0:11:23,,00,05,,,,,
★,-,15,2018/10/12 14:53,2631,乗客アプリ（目的地から）,2561,1113,10,2,,2018/10/12 15:22,2018/10/12 15:49,35.441441 139.648505,横浜中華街朱雀門,35.450681 139.632446,横浜桜木町ワシントンホテル,2018/10/12 15:37,2018/10/12 15:37,2018/10/12 16:02,2018/10/12 16:02,2018/10/12 15:35,2018/10/12 15:35,0:27:27,0:54:54,,00,00,,,,,
-,-,15,2018/10/12 15:00,2634,街角設置端末（店舗から）,0,347,7,1,,2018/10/12 15:13,2018/10/12 15:18,35.443073 139.651914,横浜人形の家,35.445783 139.642958,横浜情報文化センター,2018/10/12 15:13,2018/10/12 15:13,2018/10/12 15:25,2018/10/12 15:25,,2018/10/12 15:00,0:04:54,0:04:54,,00,12,,,,,
★,-,15,2018/10/12 15:02,2637,乗客アプリ（目的地から）,2589,705,1,1,,2018/10/12 15:09,2018/10/12 15:21,35.4587 139.625091,横浜アンパンマンこどもミュージアム,35.441002 139.650809,横浜元町ショッピングストリート,2018/10/12 15:10,2018/10/12 15:10,2018/10/12 15:36,2018/10/12 15:36,2018/10/12 15:10,2018/10/12 15:10,0:11:41,0:11:41,,00,00,,,,,
-,-,15,2018/10/12 15:03,2638,街角設置端末（地図から）,0,832,5,1,,2018/10/12 15:08,2018/10/12 15:15,35.450681 139.632446,横浜桜木町ワシントンホテル,35.462896 139.63236,ホテルビスタプレミオみなとみらい,2018/10/12 15:10,2018/10/12 15:10,2018/10/12 15:26,2018/10/12 15:26,,2018/10/12 15:03,0:07:14,0:07:14,,00,04,,,,,
-,-,15,2018/10/12 15:04,2639,街角設置端末（地図から）,0,1210,9,2,,2018/10/12 15:15,2018/10/12 15:22,35.451031 139.647069,横浜港大さん橋国際客船ターミナル,35.441441 139.648505,横浜中華街朱雀門,2018/10/12 15:18,2018/10/12 15:18,2018/10/12 15:31,2018/10/12 15:35,,2018/10/12 15:04,0:06:57,0:13:54,,00,10,,,,,
-,-,15,2018/10/12 15:08,2640,街角設置端末（地図から）,0,1265,9,1,,2018/10/12 15:28,2018/10/12 15:32,35.451031 139.647069,横浜港大さん橋国際客船ターミナル,35.445783 139.642958,横浜情報文化センター,2018/10/12 15:19,2018/10/12 15:27,2018/10/12 15:27,2018/10/12 15:35,,2018/10/12 15:08,0:04:14,0:04:14,,08,19,,,,,
-,-,15,2018/10/12 15:17,2642,乗客アプリ（目的地から）,1373,331,7,1,,2018/10/12 15:23,2018/10/12 15:32,35.451031 139.647069,横浜港大さん橋国際客船ターミナル,35.45256 139.630848,ニューオータニイン横浜プレミアム,2018/10/12 15:24,2018/10/12 15:25,2018/10/12 15:41,2018/10/12 15:42,,2018/10/12 15:17,0:08:57,0:08:57,,00,05,,,,,
-,-,15,2018/10/12 15:19,2646,乗客アプリ（目的地から）,2591,1110,8,1,,2018/10/12 15:22,2018/10/12 15:26,35.450681 139.632446,横浜桜木町ワシントンホテル,35.452963 139.642093,横浜赤レンガ倉庫,2018/10/12 15:27,2018/10/12 15:27,2018/10/12 15:38,2018/10/12 15:38,,2018/10/12 15:19,0:03:58,0:03:58,,00,02,,,,,
-,-,15,2018/10/12 15:21,2649,街角設置端末（地図から）,0,598,2,1,,2018/10/12 15:29,2018/10/12 15:39,35.454389 139.630904,横浜ランドマークタワー,35.445783 139.642958,横浜情報文化センター,2018/10/12 15:29,2018/10/12 15:29,2018/10/12 15:41,2018/10/12 15:41,,2018/10/12 15:21,0:10:35,0:10:35,,00,07,,,,,
-,-,15,2018/10/12 15:22,2650,街角設置端末（店舗から）,0,324,7,3,,2018/10/12 15:24,2018/10/12 15:40,35.451031 139.647069,横浜港大さん橋国際客船ターミナル,35.454389 139.630904,横浜ランドマークタワー,2018/10/12 15:24,2018/10/12 15:24,2018/10/12 15:49,2018/10/12 15:49,,2018/10/12 15:22,0:15:17,0:45:51,,00,02,,,,,
-,-,15,2018/10/12 15:23,2652,乗客アプリ（簡単予約）,2337,1018,10,1,,2018/10/12 15:34,2018/10/12 15:49,35.451031 139.647069,横浜港大さん橋国際客船ターミナル,35.456605 139.635327,横浜ベイホテル東急,2018/10/12 15:33,2018/10/12 15:36,2018/10/12 16:06,2018/10/12 16:09,,2018/10/12 15:23,0:15:26,0:15:26,,00,11,,,,,
-,-,15,2018/10/12 15:30,2654,街角設置端末（地図から）,0,971,2,1,,2018/10/12 15:34,2018/10/12 15:43,35.450681 139.632446,横浜桜木町ワシントンホテル,35.451031 139.647069,横浜港大さん橋国際客船ターミナル,2018/10/12 15:33,2018/10/12 15:33,2018/10/12 15:50,2018/10/12 15:50,,2018/10/12 15:30,0:08:56,0:08:56,,01,04,,,,,
-,-,15,2018/10/12 15:36,2655,乗客アプリ（目的地から）,2562,522,8,1,,2018/10/12 15:42,2018/10/12 15:46,35.458507 139.628741,みなとみらいグランドセントラルタワー,35.453715 139.638133,横浜ワールドポーターズ,2018/10/12 15:43,2018/10/12 15:43,2018/10/12 15:57,2018/10/12 15:57,,2018/10/12 15:36,0:04:44,0:04:44,,00,05,,,,,
-,-,15,2018/10/12 15:42,2656,街角設置端末（店舗から）,0,1183,2,2,,2018/10/12 15:47,2018/10/12 15:57,35.451031 139.647069,横浜港大さん橋国際客船ターミナル,35.455715 139.638114,横浜みなとみらい万葉倶楽部,2018/10/12 15:44,2018/10/12 15:44,2018/10/12 16:02,2018/10/12 16:02,,2018/10/12 15:42,0:09:44,0:19:28,,03,05,,,,,
-,-,15,2018/10/12 15:50,2657,街角設置端末（店舗から）,0,475,3,1,,2018/10/12 15:56,2018/10/12 16:09,35.451031 139.647069,横浜港大さん橋国際客船ターミナル,35.454389 139.630904,横浜ランドマークタワー,2018/10/12 15:58,2018/10/12 15:58,2018/10/12 16:17,2018/10/12 16:17,,2018/10/12 15:50,0:13:11,0:13:11,,00,05,,,,,
-,-,15,2018/10/12 15:53,2658,街角設置端末（地図から）,0,813,4,4,,2018/10/12 16:02,2018/10/12 16:13,35.454389 139.630904,横浜ランドマークタワー,35.441441 139.648505,横浜中華街朱雀門,2018/10/12 16:02,2018/10/12 16:02,2018/10/12 16:24,2018/10/12 16:24,,2018/10/12 15:53,0:11:11,0:44:44,,00,09,,,,,
-,-,15,2018/10/12 15:57,2660,街角設置端末（地図から）,0,892,3,1,,2018/10/12 16:00,2018/10/12 16:01,35.447541 139.644914,シルク博物館,35.443569 139.641792,ダイワロイネットホテル横浜公園,2018/10/12 16:02,2018/10/12 16:02,2018/10/12 16:07,2018/10/12 16:07,,2018/10/12 15:57,0:01:59,0:01:59,,00,02,,,,,
★,☆,15,2018/10/12 11:01,2533,乗客アプリ（地図から）,1949,1039,2,1,2018/10/12 11:02,,,35.454389 139.630904,横浜ランドマークタワー,35.445783 139.642958,横浜情報文化センター,2018/10/12 15:15,,2018/10/12 15:28,,2018/10/12 15:15,2018/10/12 15:15,0:00:00,0:00:00,,00,00,,,,,
★,☆,15,2018/10/12 11:02,2534,乗客アプリ（地図から）,1949,1241,9,1,2018/10/12 13:05,2018/10/12 12:29,,35.445783 139.642958,横浜情報文化センター,35.454389 139.630904,横浜ランドマークタワー,2018/10/12 15:15,2018/10/12 15:15,2018/10/12 15:31,,2018/10/12 15:15,2018/10/12 15:15,,,,00,00,,,,,
★,☆,15,2018/10/12 13:54,2611,街角設置端末（店舗から）,0,332,8,1,2018/10/12 13:59,,,35.454211 139.642721,MARINE & WALK YOKOHAMA,35.443908 139.635249,イセザキ・モール,2018/10/12 15:00,,2018/10/12 15:15,,2018/10/12 15:00,2018/10/12 15:00,0:00:00,0:00:00,,00,00,,,,,
-,☆,15,2018/10/12 15:01,2636,街角設置端末（店舗から）,0,1104,6,1,2018/10/12 15:08,,,35.448676 139.635696,横浜平和プラザホテル,35.454389 139.630904,横浜ランドマークタワー,2018/10/12 15:13,,2018/10/12 15:24,,,2018/10/12 15:01,0:00:00,0:00:00,,00,12,,,,,
-,☆,15,2018/10/12 15:09,2641,乗客アプリ（簡単予約）,2337,845,9,1,2018/10/12 15:22,,,35.451031 139.647069,横浜港大さん橋国際客船ターミナル,35.456605 139.635327,横浜ベイホテル東急,2018/10/12 15:20,,2018/10/12 15:56,,,2018/10/12 15:09,0:00:00,0:00:00,,00,12,,,,,
-,☆,15,2018/10/12 15:56,2659,街角設置端末（店舗から）,0,804,8,2,2018/10/12 16:04,,,35.445857 139.647636,ホテルモントレ横浜,35.451031 139.647069,横浜港大さん橋国際客船ターミナル,2018/10/12 15:59,,2018/10/12 16:07,,,2018/10/12 15:56,0:00:00,0:00:00,,00,07,,,,,
-,☆,15,2018/10/12 15:59,2661,街角設置端末（地図から）,0,538,1,2,2018/10/12 16:00,,,35.458507 139.628741,みなとみらいグランドセントラルタワー,35.445857 139.647636,ホテルモントレ横浜,2018/10/12 16:13,,2018/10/12 16:35,,,2018/10/12 15:59,0:00:00,0:00:00,,00,14,,,,,
★,-,16,2018/10/12 12:22,2566,乗客アプリ（地図から）,2253,1132,7,1,,2018/10/12 16:27,2018/10/12 16:33,35.454211 139.642721,MARINE & WALK YOKOHAMA,35.448801 139.636702,ホテルルートイン横浜馬車道,2018/10/12 16:30,2018/10/12 16:30,2018/10/12 16:39,2018/10/12 16:39,2018/10/12 16:30,2018/10/12 16:30,0:05:58,0:05:58,427,00,00,03,04,,,
★,-,16,2018/10/12 12:23,2567,乗客アプリ（目的地から）,1199,673,7,1,,2018/10/12 16:27,2018/10/12 16:43,35.454211 139.642721,MARINE & WALK YOKOHAMA,35.458507 139.628741,みなとみらいグランドセントラルタワー,2018/10/12 16:25,2018/10/12 16:25,2018/10/12 16:54,2018/10/12 16:54,2018/10/12 16:25,2018/10/12 16:25,0:16:26,0:16:26,,01,01,,,,,
★,-,16,2018/10/12 13:33,2598,乗客アプリ（目的地から）,2491,411,6,1,,2018/10/12 15:59,2018/10/12 16:04,35.454389 139.630904,横浜ランドマークタワー,35.458187 139.636985,ヨコハマ グランド インターコンチネンタル ホテル／パシフィコ横浜,2018/10/12 16:00,2018/10/12 16:03,2018/10/12 16:08,2018/10/12 16:11,2018/10/12 16:00,2018/10/12 16:00,0:04:38,0:04:38,,00,00,,,,,
★,-,16,2018/10/12 15:00,2635,乗客アプリ（地図から）,1885,539,5,1,,2018/10/12 16:21,2018/10/12 16:39,35.443659 139.650847,横浜マリンタワー,35.456605 139.635327,横浜ベイホテル東急,2018/10/12 16:33,2018/10/12 16:33,2018/10/12 16:56,2018/10/12 17:02,2018/10/12 16:33,2018/10/12 16:33,0:18:30,0:18:30,,00,00,,,,,
★,-,16,2018/10/12 15:21,2647,乗客アプリ（地図から）,1063,631,5,1,,2018/10/12 15:58,2018/10/12 16:05,35.447546 139.64358,横浜開港資料館,35.456605 139.635327,横浜ベイホテル東急,2018/10/12 16:00,2018/10/12 16:00,2018/10/12 16:16,2018/10/12 16:16,2018/10/12 16:00,2018/10/12 16:00,0:06:48,0:06:48,,00,00,,,,,
★,-,16,2018/10/12 15:21,2648,街角設置端末（地図から）,0,850,3,1,,2018/10/12 16:42,2018/10/12 16:52,35.458507 139.628741,みなとみらいグランドセントラルタワー,35.44291 139.650404,みなとみらい線　元町・中華街駅,2018/10/12 16:50,2018/10/12 16:50,2018/10/12 17:12,2018/10/12 17:14,2018/10/12 16:50,2018/10/12 16:50,0:10:48,0:10:48,,00,00,,,,,
★,-,16,2018/10/12 15:22,2651,乗客アプリ（地図から）,2504,912,6,3,,2018/10/12 16:10,2018/10/12 16:17,35.455715 139.638114,横浜みなとみらい万葉倶楽部,35.45256 139.630848,ニューオータニイン横浜プレミアム,2018/10/12 16:20,2018/10/12 16:20,2018/10/12 16:32,2018/10/12 16:32,2018/10/12 16:20,2018/10/12 16:20,0:07:38,0:22:54,,00,00,,,,,
-,-,16,2018/10/12 16:01,2663,乗客アプリ（地図から）,1542,1030,1,2,,2018/10/12 16:12,2018/10/12 16:22,35.458507 139.628741,みなとみらいグランドセントラルタワー,35.445857 139.647636,ホテルモントレ横浜,2018/10/12 16:15,2018/10/12 16:15,2018/10/12 16:37,2018/10/12 16:37,,2018/10/12 16:01,0:10:29,0:20:58,,00,10,,,,,
-,-,16,2018/10/12 16:08,2664,街角設置端末（店舗から）,0,632,3,3,,2018/10/12 16:13,2018/10/12 16:22,35.45435 139.631762,横浜ロイヤルパークホテル,35.462896 139.63236,ホテルビスタプレミオみなとみらい,2018/10/12 16:15,2018/10/12 16:15,2018/10/12 16:30,2018/10/12 16:30,,2018/10/12 16:08,0:08:37,0:25:51,,00,05,,,,,
-,-,16,2018/10/12 16:14,2667,街角設置端末（店舗から）,0,1140,5,3,,2018/10/12 16:19,2018/10/12 16:26,35.451031 139.647069,横浜港大さん橋国際客船ターミナル,35.441441 139.648505,横浜中華街朱雀門,2018/10/12 16:19,2018/10/12 16:19,2018/10/12 16:40,2018/10/12 16:40,,2018/10/12 16:14,0:07:26,0:22:18,,00,05,,,,,
-,-,16,2018/10/12 16:14,2668,街角設置端末（地図から）,0,624,3,1,,2018/10/12 16:16,2018/10/12 16:26,35.456605 139.635327,横浜ベイホテル東急,35.458507 139.628741,みなとみらいグランドセントラルタワー,2018/10/12 16:17,2018/10/12 16:17,2018/10/12 16:35,2018/10/12 16:35,,2018/10/12 16:14,0:10:27,0:10:27,,00,01,,,,,
-,-,16,2018/10/12 16:15,2669,街角設置端末（店舗から）,0,383,9,2,,2018/10/12 16:19,2018/10/12 16:24,35.445857 139.647636,ホテルモントレ横浜,35.451031 139.647069,横浜港大さん橋国際客船ターミナル,2018/10/12 16:20,2018/10/12 16:20,2018/10/12 16:28,2018/10/12 16:28,,2018/10/12 16:15,0:05:18,0:10:36,,00,04,,,,,
-,-,16,2018/10/12 16:18,2670,街角設置端末（地図から）,0,798,6,1,,2018/10/12 16:25,2018/10/12 16:29,35.45435 139.631762,横浜ロイヤルパークホテル,35.452963 139.642093,横浜赤レンガ倉庫,2018/10/12 16:21,2018/10/12 16:21,2018/10/12 16:33,2018/10/12 16:36,,2018/10/12 16:18,0:04:03,0:04:03,,03,07,,,,,
-,-,16,2018/10/12 16:21,2671,乗客アプリ（目的地から）,2432,312,1,3,,2018/10/12 16:26,2018/10/12 16:44,35.443863 139.64702,ローズホテル横浜（横浜中華街内）,35.450681 139.632446,横浜桜木町ワシントンホテル,2018/10/12 16:31,2018/10/12 16:31,2018/10/12 16:48,2018/10/12 16:48,,2018/10/12 16:21,0:18:01,0:54:03,,00,05,,,,,
-,-,16,2018/10/12 16:24,2672,乗客アプリ（目的地から）,2562,694,4,1,,2018/10/12 16:30,2018/10/12 16:34,35.453715 139.638133,横浜ワールドポーターズ,35.458507 139.628741,みなとみらいグランドセントラルタワー,2018/10/12 16:35,2018/10/12 16:35,2018/10/12 16:48,2018/10/12 16:48,,2018/10/12 16:24,0:04:34,0:04:34,,00,05,,,,,
★,-,16,2018/10/12 16:26,2676,乗客アプリ（地図から）,2137,1246,2,1,,2018/10/12 16:35,2018/10/12 16:54,35.443908 139.635249,イセザキ・モール,35.441002 139.650809,横浜元町ショッピングストリート,2018/10/12 16:43,2018/10/12 16:43,2018/10/12 16:58,2018/10/12 16:58,2018/10/12 16:43,2018/10/12 16:43,0:18:21,0:18:21,,00,00,,,,,
-,-,16,2018/10/12 16:27,2677,乗客アプリ（地図から）,2435,531,5,2,,2018/10/12 16:32,2018/10/12 16:40,35.451031 139.647069,横浜港大さん橋国際客船ターミナル,35.456605 139.635327,横浜ベイホテル東急,2018/10/12 16:35,2018/10/12 16:35,2018/10/12 16:57,2018/10/12 16:57,,2018/10/12 16:27,0:07:47,0:15:34,,00,05,,,,,
-,-,16,2018/10/12 16:28,2678,街角設置端末（地図から）,0,1112,1,1,,2018/10/12 16:31,2018/10/12 16:41,35.445783 139.642958,横浜情報文化センター,35.454389 139.630904,横浜ランドマークタワー,2018/10/12 16:34,2018/10/12 16:34,2018/10/12 16:49,2018/10/12 16:49,,2018/10/12 16:28,0:09:57,0:09:57,,00,03,,,,,
-,-,16,2018/10/12 16:34,2680,乗客アプリ（地図から）,1742,405,4,1,,2018/10/12 16:39,2018/10/12 16:42,35.454389 139.630904,横浜ランドマークタワー,35.450447 139.635947,みなとみらい線　馬車道駅,2018/10/12 16:40,2018/10/12 16:40,2018/10/12 16:45,2018/10/12 16:45,,2018/10/12 16:34,0:02:44,0:02:44,,00,05,,,,,
-,-,16,2018/10/12 16:37,2681,街角設置端末（店舗から）,0,1198,3,1,,2018/10/12 16:39,2018/10/12 16:47,35.4587 139.625091,横浜アンパンマンこどもミュージアム,35.450681 139.632446,横浜桜木町ワシントンホテル,2018/10/12 16:43,2018/10/12 16:43,2018/10/12 16:59,2018/10/12 16:59,,2018/10/12 16:37,0:07:18,0:07:18,,00,02,,,,,
★,-,16,2018/10/12 16:40,2682,乗客アプリ（目的地から）,2587,1172,1,2,,2018/10/12 16:45,2018/10/12 16:52,35.450681 139.632446,横浜桜木町ワシントンホテル,35.452963 139.642093,横浜赤レンガ倉庫,2018/10/12 16:50,2018/10/12 16:50,2018/10/12 17:03,2018/10/12 17:03,2018/10/12 16:50,2018/10/12 16:50,0:06:14,0:12:28,,00,00,,,,,
-,-,16,2018/10/12 16:41,2683,乗客アプリ（地図から）,1885,1109,2,1,,2018/10/12 16:48,2018/10/12 17:23,35.443659 139.650847,横浜マリンタワー,35.456605 139.635327,横浜ベイホテル東急,2018/10/12 16:49,2018/10/12 16:49,2018/10/12 17:18,2018/10/12 17:18,,2018/10/12 16:41,0:34:56,0:34:56,,00,07,,,,,
-,-,16,2018/10/12 16:52,2685,街角設置端末（地図から）,0,769,4,1,,2018/10/12 17:00,2018/10/12 17:06,35.454211 139.642721,MARINE & WALK YOKOHAMA,35.450681 139.632446,横浜桜木町ワシントンホテル,2018/10/12 17:00,2018/10/12 17:00,2018/10/12 17:14,2018/10/12 17:14,,2018/10/12 16:52,0:06:04,0:06:04,,00,08,,,,,
-,-,16,2018/10/12 16:56,2686,街角設置端末（地図から）,0,979,8,5,,2018/10/12 17:00,2018/10/12 17:13,35.454389 139.630904,横浜ランドマークタワー,35.441441 139.648505,横浜中華街朱雀門,2018/10/12 17:04,2018/10/12 17:04,2018/10/12 17:26,2018/10/12 17:26,,2018/10/12 16:56,0:12:17,1:01:25,,00,04,,,,,
-,-,16,2018/10/12 16:57,2688,乗客アプリ（目的地から）,2435,436,7,1,,2018/10/12 17:02,2018/10/12 17:09,35.456605 139.635327,横浜ベイホテル東急,35.450681 139.632446,横浜桜木町ワシントンホテル,2018/10/12 17:09,2018/10/12 17:09,2018/10/12 17:21,2018/10/12 17:21,,2018/10/12 16:57,0:06:53,0:06:53,,00,05,,,,,
-,-,16,2018/10/12 16:58,2689,街角設置端末（店舗から）,0,369,3,2,,2018/10/12 17:03,2018/10/12 17:10,35.451031 139.647069,横浜港大さん橋国際客船ターミナル,35.450447 139.635947,みなとみらい線　馬車道駅,2018/10/12 17:05,2018/10/12 17:05,2018/10/12 17:19,2018/10/12 17:19,,2018/10/12 16:58,0:06:34,0:13:08,,00,05,,,,,
-,☆,16,2018/10/12 16:01,2662,乗客アプリ（地図から）,985,1150,9,1,2018/10/12 16:01,,,35.443704 139.651332,ホテルメルパルク横浜,35.441002 139.650809,横浜元町ショッピングストリート,2018/10/12 16:05,,2018/10/12 16:10,,,2018/10/12 16:01,0:00:00,0:00:00,,00,03,,,,,
-,☆,16,2018/10/12 16:10,2666,街角設置端末（地図から）,0,451,5,1,2018/10/12 16:11,,,35.451031 139.647069,横浜港大さん橋国際客船ターミナル,35.445783 139.642958,横浜情報文化センター,2018/10/12 16:21,,2018/10/12 16:28,,,2018/10/12 16:10,0:00:00,0:00:00,,00,10,,,,,
★,☆,16,2018/10/12 16:41,2684,乗客アプリ（地図から）,2577,379,7,1,2018/10/12 16:42,,,35.462896 139.63236,ホテルビスタプレミオみなとみらい,35.450681 139.632446,横浜桜木町ワシントンホテル,2018/10/12 16:49,,2018/10/12 17:06,,2018/10/12 10:30,2018/10/12 10:30,0:00:00,0:00:00,,00,,,,,,
★,-,17,2018/10/12 15:18,2644,街角設置端末（店舗から）,0,494,5,1,,2018/10/12 17:45,2018/10/12 17:50,35.454425 139.64064,ＪＩＣＡ横浜 （海外移住資料館）,35.462896 139.63236,ホテルビスタプレミオみなとみらい,2018/10/12 17:45,2018/10/12 17:45,2018/10/12 17:58,2018/10/12 17:59,2018/10/12 17:45,2018/10/12 17:45,0:05:35,0:05:35,489,00,00,07,04,,,
★,-,17,2018/10/12 15:19,2645,乗客アプリ（地図から）,2247,627,9,1,,2018/10/12 17:10,2018/10/12 17:54,35.447541 139.644914,シルク博物館,35.458507 139.628741,みなとみらいグランドセントラルタワー,2018/10/12 17:15,2018/10/12 17:15,2018/10/12 17:48,2018/10/12 17:49,2018/10/12 17:15,2018/10/12 17:15,0:44:14,0:44:14,,00,00,,,,,
★,-,17,2018/10/12 16:09,2665,街角設置端末（店舗から）,0,944,1,2,,2018/10/12 17:01,2018/10/12 17:10,35.452963 139.642093,横浜赤レンガ倉庫,35.443908 139.635249,イセザキ・モール,2018/10/12 17:10,2018/10/12 17:10,2018/10/12 17:25,2018/10/12 17:25,2018/10/12 17:10,2018/10/12 17:10,0:09:09,0:18:18,,00,00,,,,,
★,-,17,2018/10/12 16:25,2674,街角設置端末（店舗から）,0,746,6,6,,2018/10/12 17:28,2018/10/12 17:33,35.447541 139.644914,シルク博物館,35.443908 139.635249,イセザキ・モール,2018/10/12 17:30,2018/10/12 17:30,2018/10/12 17:46,2018/10/12 17:46,2018/10/12 17:30,2018/10/12 17:30,0:05:09,0:30:54,,00,00,,,,,
★,-,17,2018/10/12 16:31,2679,街角設置端末（店舗から）,0,585,10,6,,2018/10/12 17:29,2018/10/12 17:36,35.447541 139.644914,シルク博物館,35.443908 139.635249,イセザキ・モール,2018/10/12 17:31,2018/10/12 17:31,2018/10/12 17:47,2018/10/12 17:47,2018/10/12 17:31,2018/10/12 17:31,0:07:10,0:43:00,,00,00,,,,,
★,-,17,2018/10/12 16:57,2687,乗客アプリ（簡単予約）,2596,687,2,3,,2018/10/12 17:13,2018/10/12 17:36,35.45256 139.630848,ニューオータニイン横浜プレミアム,35.443863 139.64702,ローズホテル横浜（横浜中華街内）,2018/10/12 17:14,2018/10/12 17:14,2018/10/12 17:40,2018/10/12 17:40,2018/10/12 17:06,2018/10/12 17:06,0:23:11,1:09:33,,00,07,,,,,
★,-,17,2018/10/12 17:04,2691,乗客アプリ（地図から）,1686,681,9,1,,2018/10/12 17:43,2018/10/12 17:56,35.458507 139.628741,みなとみらいグランドセントラルタワー,35.443863 139.64702,ローズホテル横浜（横浜中華街内）,2018/10/12 17:48,2018/10/12 17:49,2018/10/12 18:09,2018/10/12 18:10,2018/10/12 17:45,2018/10/12 17:45,0:12:39,0:12:39,,00,00,,,,,
-,-,17,2018/10/12 17:09,2694,街角設置端末（店舗から）,0,742,9,1,,2018/10/12 17:11,2018/10/12 17:36,35.447541 139.644914,シルク博物館,35.450681 139.632446,横浜桜木町ワシントンホテル,2018/10/12 17:16,2018/10/12 17:16,2018/10/12 17:37,2018/10/12 17:37,,2018/10/12 17:09,0:25:05,0:25:05,,00,01,,,,,
-,-,17,2018/10/12 17:15,2696,乗客アプリ（目的地から）,1358,651,7,3,,2018/10/12 17:21,2018/10/12 17:27,35.452963 139.642093,横浜赤レンガ倉庫,35.458507 139.628741,みなとみらいグランドセントラルタワー,2018/10/12 17:22,2018/10/12 17:22,2018/10/12 17:41,2018/10/12 17:41,,2018/10/12 17:15,0:06:43,0:20:09,,00,05,,,,,
★,-,17,2018/10/12 17:15,2697,乗客アプリ（簡単予約）,2598,1025,7,2,,2018/10/12 17:37,2018/10/12 17:41,35.462896 139.63236,ホテルビスタプレミオみなとみらい,35.458187 139.636985,ヨコハマ グランド インターコンチネンタル ホテル／パシフィコ横浜,2018/10/12 17:48,2018/10/12 17:48,2018/10/12 17:56,2018/10/12 17:56,2018/10/12 17:40,2018/10/12 17:40,0:03:18,0:06:36,,00,00,,,,,
-,-,17,2018/10/12 17:16,2698,街角設置端末（店舗から）,0,959,3,1,,2018/10/12 17:20,2018/10/12 17:25,35.458507 139.628741,みなとみらいグランドセントラルタワー,35.454211 139.642721,MARINE & WALK YOKOHAMA,2018/10/12 17:23,2018/10/12 17:23,2018/10/12 17:37,2018/10/12 17:37,,2018/10/12 17:16,0:05:16,0:05:16,,00,04,,,,,
-,-,17,2018/10/12 17:19,2700,街角設置端末（地図から）,0,590,8,1,,2018/10/12 17:37,2018/10/12 17:49,35.4587 139.625091,横浜アンパンマンこどもミュージアム,35.452963 139.642093,横浜赤レンガ倉庫,2018/10/12 17:37,2018/10/12 17:37,2018/10/12 17:55,2018/10/12 17:57,,2018/10/12 17:19,0:11:49,0:11:49,,00,18,,,,,
★,-,17,2018/10/12 17:19,2701,乗客アプリ（地図から）,1605,564,8,1,,2018/10/12 17:44,2018/10/12 17:56,35.456605 139.635327,横浜ベイホテル東急,35.443908 139.635249,イセザキ・モール,2018/10/12 17:50,2018/10/12 17:50,2018/10/12 18:12,2018/10/12 18:12,2018/10/12 17:50,2018/10/12 17:50,0:11:25,0:11:25,,00,00,,,,,
-,-,17,2018/10/12 17:20,2702,街角設置端末（地図から）,0,608,4,2,,2018/10/12 17:29,2018/10/12 17:36,35.454425 139.64064,ＪＩＣＡ横浜 （海外移住資料館）,35.45256 139.630848,ニューオータニイン横浜プレミアム,2018/10/12 17:31,2018/10/12 17:31,2018/10/12 17:45,2018/10/12 17:45,,2018/10/12 17:20,0:06:44,0:13:28,,00,08,,,,,
-,-,17,2018/10/12 17:27,2703,街角設置端末（地図から）,0,480,5,1,,2018/10/12 17:33,2018/10/12 17:50,35.454425 139.64064,ＪＩＣＡ横浜 （海外移住資料館）,35.462896 139.63236,ホテルビスタプレミオみなとみらい,2018/10/12 17:32,2018/10/12 17:32,2018/10/12 17:58,2018/10/12 17:58,,2018/10/12 17:27,0:17:29,0:17:29,,00,05,,,,,
-,-,17,2018/10/12 17:28,2704,街角設置端末（店舗から）,0,898,3,2,,2018/10/12 17:34,2018/10/12 17:46,35.45435 139.631762,横浜ロイヤルパークホテル,35.451031 139.647069,横浜港大さん橋国際客船ターミナル,2018/10/12 17:35,2018/10/12 17:35,2018/10/12 17:52,2018/10/12 17:57,,2018/10/12 17:28,0:11:52,0:23:44,,00,05,,,,,
-,-,17,2018/10/12 17:28,2705,街角設置端末（店舗から）,0,571,3,2,,2018/10/12 17:37,2018/10/12 17:46,35.456605 139.635327,横浜ベイホテル東急,35.451031 139.647069,横浜港大さん橋国際客船ターミナル,2018/10/12 17:39,2018/10/12 17:39,2018/10/12 17:56,2018/10/12 17:56,,2018/10/12 17:28,0:09:08,0:18:16,,00,08,,,,,
-,-,17,2018/10/12 17:34,2706,街角設置端末（地図から）,0,705,6,1,,2018/10/12 17:43,2018/10/12 17:49,35.451031 139.647069,横浜港大さん橋国際客船ターミナル,35.443908 139.635249,イセザキ・モール,2018/10/12 17:47,2018/10/12 17:47,2018/10/12 18:02,2018/10/12 18:03,,2018/10/12 17:34,0:05:13,0:05:13,,00,09,,,,,
-,-,17,2018/10/12 17:35,2707,乗客アプリ（目的地から）,2606,536,4,1,,2018/10/12 17:46,2018/10/12 17:54,35.454211 139.642721,MARINE & WALK YOKOHAMA,35.450681 139.632446,横浜桜木町ワシントンホテル,2018/10/12 17:51,2018/10/12 17:51,2018/10/12 18:05,2018/10/12 18:05,,2018/10/12 17:35,0:07:49,0:07:49,,00,11,,,,,
-,-,17,2018/10/12 17:35,2708,乗客アプリ（簡単予約）,2429,1029,6,2,,2018/10/12 17:53,2018/10/12 18:15,35.450681 139.632446,横浜桜木町ワシントンホテル,35.452963 139.642093,横浜赤レンガ倉庫,2018/10/12 18:11,2018/10/12 18:11,2018/10/12 18:24,2018/10/12 18:29,,2018/10/12 17:35,0:22:02,0:44:04,,00,18,,,,,
-,-,17,2018/10/12 17:36,2709,街角設置端末（地図から）,0,699,5,1,,2018/10/12 18:03,2018/10/12 18:09,35.454425 139.64064,ＪＩＣＡ横浜 （海外移住資料館）,35.458507 139.628741,みなとみらいグランドセントラルタワー,2018/10/12 18:09,2018/10/12 18:09,2018/10/12 18:24,2018/10/12 18:24,,2018/10/12 17:36,0:06:27,0:06:27,,00,26,,,,,
-,-,17,2018/10/12 17:40,2711,乗客アプリ（目的地から）,2589,835,6,1,,2018/10/12 17:43,2018/10/12 18:12,35.451031 139.647069,横浜港大さん橋国際客船ターミナル,35.456605 139.635327,横浜ベイホテル東急,2018/10/12 17:48,2018/10/12 17:48,2018/10/12 18:21,2018/10/12 18:21,,2018/10/12 17:40,0:29:06,0:29:06,,00,03,,,,,
-,-,17,2018/10/12 17:41,2712,乗客アプリ（地図から）,1727,917,10,1,,2018/10/12 17:43,2018/10/12 17:48,35.450681 139.632446,横浜桜木町ワシントンホテル,35.454211 139.642721,MARINE & WALK YOKOHAMA,2018/10/12 17:45,2018/10/12 17:45,2018/10/12 17:56,2018/10/12 17:56,,2018/10/12 17:41,0:04:38,0:04:38,,00,01,,,,,
-,-,17,2018/10/12 17:56,2715,街角設置端末（店舗から）,0,525,9,1,,2018/10/12 18:02,2018/10/12 18:08,35.451031 139.647069,横浜港大さん橋国際客船ターミナル,35.450447 139.635947,みなとみらい線　馬車道駅,2018/10/12 18:03,2018/10/12 18:03,2018/10/12 18:27,2018/10/12 18:27,,2018/10/12 17:56,0:05:44,0:05:44,,00,06,,,,,
-,-,17,2018/10/12 17:57,2716,街角設置端末（店舗から）,0,489,8,1,,2018/10/12 18:16,2018/10/12 18:25,35.451031 139.647069,横浜港大さん橋国際客船ターミナル,35.456605 139.635327,横浜ベイホテル東急,2018/10/12 18:11,2018/10/12 18:11,2018/10/12 18:35,2018/10/12 18:35,,2018/10/12 17:57,0:08:59,0:08:59,,05,19,,,,,
★,☆,17,2018/10/12 13:14,2591,乗客アプリ（簡単予約）,1210,873,9,1,2018/10/12 17:27,,,35.454425 139.64064,ＪＩＣＡ横浜 （海外移住資料館）,35.450681 139.632446,横浜桜木町ワシントンホテル,2018/10/12 17:25,,2018/10/12 17:36,,2018/10/12 17:25,2018/10/12 17:25,0:00:00,0:00:00,,00,02,,,,,
★,☆,17,2018/10/12 15:17,2643,街角設置端末（店舗から）,0,1077,1,2,2018/10/12 15:40,,,35.451031 139.647069,横浜港大さん橋国際客船ターミナル,35.454389 139.630904,横浜ランドマークタワー,2018/10/12 17:00,,2018/10/12 17:19,,2018/10/12 17:00,2018/10/12 17:00,0:00:00,0:00:00,,00,00,,,,,
-,☆,17,2018/10/12 17:05,2692,街角設置端末（店舗から）,0,977,6,2,2018/10/12 17:09,,,35.443704 139.651332,ホテルメルパルク横浜,35.451031 139.647069,横浜港大さん橋国際客船ターミナル,2018/10/12 17:10,,2018/10/12 17:21,,,2018/10/12 17:05,0:00:00,0:00:00,,00,04,,,,,
-,☆,17,2018/10/12 17:07,2693,乗客アプリ（地図から）,985,1052,6,1,2018/10/12 17:07,,,35.443704 139.651332,ホテルメルパルク横浜,35.451031 139.647069,横浜港大さん橋国際客船ターミナル,2018/10/12 17:10,,2018/10/12 17:21,,,2018/10/12 17:07,0:00:00,0:00:00,,00,03,,,,,
-,☆,17,2018/10/12 17:10,2695,街角設置端末（店舗から）,0,560,8,2,2018/10/12 17:10,,,35.443704 139.651332,ホテルメルパルク横浜,35.451031 139.647069,横浜港大さん橋国際客船ターミナル,2018/10/12 17:17,,2018/10/12 17:29,,,2018/10/12 17:10,0:00:00,0:00:00,,00,07,,,,,
-,☆,17,2018/10/12 17:39,2710,乗客アプリ（地図から）,2607,429,2,2,2018/10/12 17:40,,,35.443704 139.651332,ホテルメルパルク横浜,35.443569 139.641792,ダイワロイネットホテル横浜公園,2018/10/12 18:17,,2018/10/12 18:28,,,2018/10/12 17:39,0:00:00,0:00:00,,00,37,,,,,
★,☆,17,2018/10/12 17:41,2713,街角設置端末（店舗から）,0,411,2,3,2018/10/12 17:42,,,35.447541 139.644914,シルク博物館,35.452963 139.642093,横浜赤レンガ倉庫,2018/10/12 18:25,,2018/10/12 18:39,,2018/10/12 17:50,2018/10/12 17:50,0:00:00,0:00:00,,00,35,,,,,
★,-,18,2018/10/12 12:05,2557,街角設置端末（地図から）,0,1116,8,1,,2018/10/12 18:22,2018/10/12 18:35,35.454425 139.64064,ＪＩＣＡ横浜 （海外移住資料館）,35.4587 139.625091,横浜アンパンマンこどもミュージアム,2018/10/12 18:20,2018/10/12 18:22,2018/10/12 18:37,2018/10/12 18:48,2018/10/12 18:20,2018/10/12 18:20,0:12:34,0:12:34,385,02,02,14,06,,,
★,-,18,2018/10/12 12:36,2574,街角設置端末（店舗から）,0,393,7,1,,2018/10/12 18:04,2018/10/12 18:19,35.458187 139.636985,ヨコハマ グランド インターコンチネンタル ホテル／パシフィコ横浜,35.443908 139.635249,イセザキ・モール,2018/10/12 18:05,2018/10/12 18:05,2018/10/12 18:23,2018/10/12 18:34,2018/10/12 18:05,2018/10/12 18:05,0:15:10,0:15:10,,00,00,,,,,
★,-,18,2018/10/12 13:07,2585,乗客アプリ（簡単予約）,2548,1050,10,6,,2018/10/12 18:20,2018/10/12 18:26,35.45435 139.631762,横浜ロイヤルパークホテル,35.443908 139.635249,イセザキ・モール,2018/10/12 18:15,2018/10/12 18:15,2018/10/12 18:33,2018/10/12 18:33,2018/10/12 18:15,2018/10/12 18:15,0:06:16,0:37:36,,05,05,,,,,
★,-,18,2018/10/12 15:26,2653,乗客アプリ（目的地から）,2269,1202,10,1,,2018/10/12 17:55,2018/10/12 18:04,35.447541 139.644914,シルク博物館,35.450681 139.632446,横浜桜木町ワシントンホテル,2018/10/12 18:00,2018/10/12 18:04,2018/10/12 18:12,2018/10/12 18:16,2018/10/12 18:00,2018/10/12 18:00,0:08:13,0:08:13,,00,00,,,,,
★,-,18,2018/10/12 16:25,2673,乗客アプリ（目的地から）,2477,490,7,1,,2018/10/12 18:09,2018/10/12 18:17,35.454211 139.642721,MARINE & WALK YOKOHAMA,35.450447 139.635947,みなとみらい線　馬車道駅,2018/10/12 18:13,2018/10/12 18:13,2018/10/12 18:25,2018/10/12 18:25,2018/10/12 18:10,2018/10/12 18:10,0:08:24,0:08:24,,00,00,,,,,
★,-,18,2018/10/12 16:26,2675,乗客アプリ（地図から）,2361,1014,1,3,,2018/10/12 18:31,2018/10/12 18:38,35.458507 139.628741,みなとみらいグランドセントラルタワー,35.452963 139.642093,横浜赤レンガ倉庫,2018/10/12 18:30,2018/10/12 18:30,2018/10/12 18:46,2018/10/12 18:46,2018/10/12 18:30,2018/10/12 18:30,0:07:06,0:21:18,,01,01,,,,,
★,-,18,2018/10/12 17:17,2699,乗客アプリ（地図から）,1657,1269,4,1,,2018/10/12 18:01,2018/10/12 18:06,35.450681 139.632446,横浜桜木町ワシントンホテル,35.454425 139.64064,ＪＩＣＡ横浜 （海外移住資料館）,2018/10/12 18:02,2018/10/12 18:05,2018/10/12 18:12,2018/10/12 18:14,2018/10/12 18:02,2018/10/12 18:02,0:04:58,0:04:58,,00,00,,,,,
★,-,18,2018/10/12 17:54,2714,乗客アプリ（目的地から）,1029,438,6,1,,2018/10/12 18:08,2018/10/12 18:16,35.450681 139.632446,横浜桜木町ワシントンホテル,35.454211 139.642721,MARINE & WALK YOKOHAMA,2018/10/12 18:10,2018/10/12 18:10,2018/10/12 18:29,2018/10/12 18:29,2018/10/12 18:10,2018/10/12 18:10,0:07:34,0:07:34,,00,00,,,,,
★,-,18,2018/10/12 17:58,2717,街角設置端末（店舗から）,0,1087,3,2,,2018/10/12 18:41,2018/10/12 18:57,35.452963 139.642093,横浜赤レンガ倉庫,35.458507 139.628741,みなとみらいグランドセントラルタワー,2018/10/12 18:41,2018/10/12 18:41,2018/10/12 18:59,2018/10/12 19:05,2018/10/12 18:30,2018/10/12 18:30,0:16:45,0:33:30,,00,11,,,,,
-,-,18,2018/10/12 18:09,2723,街角設置端末（地図から）,0,669,9,2,,2018/10/12 18:45,2018/10/12 18:55,35.451031 139.647069,横浜港大さん橋国際客船ターミナル,35.443704 139.651332,ホテルメルパルク横浜,2018/10/12 18:44,2018/10/12 18:49,2018/10/12 18:56,2018/10/12 19:04,,2018/10/12 18:09,0:09:22,0:18:44,,01,36,,,,,
-,-,18,2018/10/12 18:10,2725,乗客アプリ（目的地から）,1059,535,7,1,,2018/10/12 18:29,2018/10/12 18:36,35.443863 139.64702,ローズホテル横浜（横浜中華街内）,35.453715 139.638133,横浜ワールドポーターズ,2018/10/12 18:38,2018/10/12 18:45,2018/10/12 18:52,2018/10/12 18:58,,2018/10/12 18:10,0:06:54,0:06:54,,00,18,,,,,
-,-,18,2018/10/12 18:12,2727,街角設置端末（店舗から）,0,1106,4,1,,2018/10/12 18:52,2018/10/12 19:03,35.451031 139.647069,横浜港大さん橋国際客船ターミナル,35.454389 139.630904,横浜ランドマークタワー,2018/10/12 18:52,2018/10/12 18:53,2018/10/12 19:11,2018/10/12 19:13,,2018/10/12 18:12,0:10:56,0:10:56,,00,40,,,,,
-,-,18,2018/10/12 18:23,2734,街角設置端末（店舗から）,0,979,2,2,,2018/10/12 18:30,2018/10/12 18:49,35.443704 139.651332,ホテルメルパルク横浜,35.450681 139.632446,横浜桜木町ワシントンホテル,2018/10/12 18:33,2018/10/12 18:33,2018/10/12 18:52,2018/10/12 18:58,,2018/10/12 18:23,0:18:33,0:37:06,,00,07,,,,,
-,-,18,2018/10/12 18:28,2735,街角設置端末（地図から）,0,588,2,3,,2018/10/12 18:31,2018/10/12 18:35,35.443704 139.651332,ホテルメルパルク横浜,35.445783 139.642958,横浜情報文化センター,2018/10/12 18:34,2018/10/12 18:34,2018/10/12 18:46,2018/10/12 18:46,,2018/10/12 18:28,0:04:18,0:12:54,,00,02,,,,,
★,-,18,2018/10/12 18:30,2736,乗客アプリ（目的地から）,2599,596,9,2,,2018/10/12 18:37,2018/10/12 18:54,35.455715 139.638114,横浜みなとみらい万葉倶楽部,35.443863 139.64702,ローズホテル横浜（横浜中華街内）,2018/10/12 18:36,2018/10/12 18:36,2018/10/12 18:59,2018/10/12 18:59,2018/10/12 18:35,2018/10/12 18:35,0:17:11,0:34:22,,01,02,,,,,
-,-,18,2018/10/12 18:32,2737,街角設置端末（地図から）,0,750,8,2,,2018/10/12 18:47,2018/10/12 18:55,35.448801 139.636702,ホテルルートイン横浜馬車道,35.441002 139.650809,横浜元町ショッピングストリート,2018/10/12 18:52,2018/10/12 18:52,2018/10/12 19:07,2018/10/12 19:07,,2018/10/12 18:32,0:08:53,0:17:46,,00,14,,,,,
-,-,18,2018/10/12 18:35,2738,乗客アプリ（地図から）,1686,1130,2,1,,2018/10/12 18:41,2018/10/12 18:49,35.443863 139.64702,ローズホテル横浜（横浜中華街内）,35.450681 139.632446,横浜桜木町ワシントンホテル,2018/10/12 18:43,2018/10/12 18:43,2018/10/12 18:58,2018/10/12 18:58,,2018/10/12 18:35,0:08:05,0:08:05,,00,06,,,,,
-,-,18,2018/10/12 18:35,2739,乗客アプリ（目的地から）,2611,338,10,5,,2018/10/12 18:57,2018/10/12 19:01,35.441441 139.648505,横浜中華街朱雀門,35.443659 139.650847,横浜マリンタワー,2018/10/12 19:10,2018/10/12 19:10,2018/10/12 19:20,2018/10/12 19:20,,2018/10/12 18:35,0:03:57,0:19:45,,00,22,,,,,
-,-,18,2018/10/12 18:37,2740,乗客アプリ（地図から）,1727,421,3,1,,2018/10/12 18:39,2018/10/12 18:51,35.452963 139.642093,横浜赤レンガ倉庫,35.45256 139.630848,ニューオータニイン横浜プレミアム,2018/10/12 18:42,2018/10/12 18:42,2018/10/12 18:56,2018/10/12 18:56,,2018/10/12 18:37,0:11:34,0:11:34,,00,01,,,,,
★,-,18,2018/10/12 18:38,2741,乗客アプリ（地図から）,2137,730,1,1,,2018/10/12 18:50,2018/10/12 18:58,35.441441 139.648505,横浜中華街朱雀門,35.454389 139.630904,横浜ランドマークタワー,2018/10/12 18:55,2018/10/12 18:55,2018/10/12 19:16,2018/10/12 19:16,2018/10/12 18:45,2018/10/12 18:45,0:08:04,0:08:04,,00,04,,,,,
-,-,18,2018/10/12 18:51,2744,街角設置端末（店舗から）,0,901,4,3,,2018/10/12 18:53,2018/10/12 19:09,35.451031 139.647069,横浜港大さん橋国際客船ターミナル,35.45256 139.630848,ニューオータニイン横浜プレミアム,2018/10/12 18:53,2018/10/12 18:53,2018/10/12 19:17,2018/10/12 19:24,,2018/10/12 18:51,0:16:38,0:49:54,,00,02,,,,,
★,☆,18,2018/10/12 12:31,2572,乗客アプリ（地図から）,2361,569,1,4,2018/10/12 16:25,,,35.458507 139.628741,みなとみらいグランドセントラルタワー,35.452963 139.642093,横浜赤レンガ倉庫,2018/10/12 18:30,,2018/10/12 18:47,,2018/10/12 18:30,2018/10/12 18:30,0:00:00,0:00:00,,00,00,,,,,
★,☆,18,2018/10/12 13:10,2588,乗客アプリ（地図から）,2571,430,9,2,2018/10/12 18:11,,,35.45435 139.631762,横浜ロイヤルパークホテル,35.443908 139.635249,イセザキ・モール,2018/10/12 18:15,,2018/10/12 18:30,,2018/10/12 18:15,2018/10/12 18:15,0:00:00,0:00:00,,00,00,,,,,
-,☆,18,2018/10/12 18:00,2718,街角設置端末（地図から）,0,1250,10,3,2018/10/12 18:00,,,35.443704 139.651332,ホテルメルパルク横浜,35.445783 139.642958,横浜情報文化センター,2018/10/12 18:48,,2018/10/12 19:00,,,2018/10/12 18:00,0:00:00,0:00:00,,00,,,,,"※233,234行と同一人物と思われるため一番短いものを採用",
-,☆,18,2018/10/12 18:01,2719,街角設置端末（地図から）,0,975,10,2,2018/10/12 18:01,,,35.443704 139.651332,ホテルメルパルク横浜,35.445783 139.642958,横浜情報文化センター,2018/10/12 18:48,,2018/10/12 18:59,,,2018/10/12 18:01,0:00:00,0:00:00,,00,,,,,"※232,234行と同一人物と思われるため一番短いものを採用",
-,☆,18,2018/10/12 18:03,2720,街角設置端末（地図から）,0,828,10,2,2018/10/12 18:03,,,35.443704 139.651332,ホテルメルパルク横浜,35.445783 139.642958,横浜情報文化センター,2018/10/12 18:49,,2018/10/12 19:00,,,2018/10/12 18:03,0:00:00,0:00:00,,00,46,,,,"※232,233行と同一人物と思われるため一番短いものを採用",
-,☆,18,2018/10/12 18:05,2721,街角設置端末（地図から）,0,524,10,2,2018/10/12 18:38,,,35.454389 139.630904,横浜ランドマークタワー,35.441002 139.650809,横浜元町ショッピングストリート,2018/10/12 18:46,,2018/10/12 19:07,,,2018/10/12 18:05,0:00:00,0:00:00,,00,40,,,,,
-,☆,18,2018/10/12 18:07,2722,街角設置端末（地図から）,0,461,9,2,2018/10/12 18:07,,,35.443704 139.651332,ホテルメルパルク横浜,35.445783 139.642958,横浜情報文化センター,2018/10/12 18:47,,2018/10/12 18:58,,,2018/10/12 18:07,0:00:00,0:00:00,,00,40,,,,,
-,☆,18,2018/10/12 18:10,2724,街角設置端末（店舗から）,0,868,4,1,2018/10/12 18:11,,,35.451031 139.647069,横浜港大さん橋国際客船ターミナル,35.454389 139.630904,横浜ランドマークタワー,2018/10/12 18:51,,2018/10/12 19:10,,,2018/10/12 18:10,0:00:00,0:00:00,,00,41,,,,,
-,☆,18,2018/10/12 18:10,2726,街角設置端末（店舗から）,0,458,7,2,2018/10/12 18:12,,,35.448801 139.636702,ホテルルートイン横浜馬車道,35.441441 139.648505,横浜中華街朱雀門,2018/10/12 18:20,,2018/10/12 18:41,,,2018/10/12 18:10,0:00:00,0:00:00,,00,10,,,,※239行と同一人物と思われるため一番短いものを採用,
-,☆,18,2018/10/12 18:13,2728,街角設置端末（地図から）,0,1180,9,2,2018/10/12 18:23,,,35.448801 139.636702,ホテルルートイン横浜馬車道,35.441002 139.650809,横浜元町ショッピングストリート,2018/10/12 18:21,,2018/10/12 18:36,,,2018/10/12 18:13,0:00:00,0:00:00,,00,,,,,※238行と同一人物と思われるため一番短いものを採用,
-,☆,18,2018/10/12 18:14,2729,乗客アプリ（地図から）,2571,511,1,2,2018/10/12 18:14,,,35.456605 139.635327,横浜ベイホテル東急,35.443908 139.635249,イセザキ・モール,2018/10/12 19:01,,2018/10/12 19:19,,,2018/10/12 18:14,0:00:00,0:00:00,,00,,,,,※242行と同一人物と思われるため一番短いものを採用,
-,☆,18,2018/10/12 18:14,2730,街角設置端末（地図から）,0,418,1,2,2018/10/12 18:15,,,35.443704 139.651332,ホテルメルパルク横浜,35.445783 139.642958,横浜情報文化センター,2018/10/12 18:59,,2018/10/12 19:10,,,2018/10/12 18:14,0:00:00,0:00:00,,00,,,,,"※243,244行と同一人物と思われるため一番短いものを採用",
-,☆,18,2018/10/12 18:15,2731,乗客アプリ（地図から）,2571,1183,1,2,2018/10/12 18:15,,,35.456605 139.635327,横浜ベイホテル東急,35.443908 139.635249,イセザキ・モール,2018/10/12 19:01,,2018/10/12 19:19,,,2018/10/12 18:15,0:00:00,0:00:00,,00,46,,,,※240行と同一人物と思われるため一番短いものを採用,
-,☆,18,2018/10/12 18:19,2732,街角設置端末（地図から）,0,1163,6,1,2018/10/12 18:20,,,35.443704 139.651332,ホテルメルパルク横浜,35.445783 139.642958,横浜情報文化センター,2018/10/12 18:32,,2018/10/12 18:42,,,2018/10/12 18:19,0:00:00,0:00:00,,00,13,,,,"※241,244行と同一人物と思われるため一番短いものを採用",
-,☆,18,2018/10/12 18:20,2733,街角設置端末（地図から）,0,610,6,2,2018/10/12 18:21,,,35.443704 139.651332,ホテルメルパルク横浜,35.445857 139.647636,ホテルモントレ横浜,2018/10/12 18:33,,2018/10/12 18:39,,,2018/10/12 18:20,0:00:00,0:00:00,,00,,,,,"※241,243行と同一人物と思われるため一番短いものを採用",
★,☆,18,2018/10/12 18:42,2742,乗客アプリ（目的地から）,2615,723,3,2,2018/10/12 18:43,,,35.452963 139.642093,横浜赤レンガ倉庫,35.443908 139.635249,イセザキ・モール,2018/10/12 19:18,,2018/10/12 19:34,,2018/10/12 18:41,2018/10/12 18:41,0:00:00,0:00:00,,00,37,,,,,
★,-,19,2018/10/12 18:53,2745,乗客アプリ（目的地から）,1291,680,4,1,,2018/10/12 19:03,2018/10/12 19:10,35.454211 139.642721,MARINE & WALK YOKOHAMA,35.450681 139.632446,横浜桜木町ワシントンホテル,2018/10/12 19:05,2018/10/12 19:05,2018/10/12 19:30,2018/10/12 19:30,2018/10/12 19:05,2018/10/12 19:05,0:06:49,0:06:49,218,00,00,06,03,,,
-,-,19,2018/10/12 19:01,2747,街角設置端末（店舗から）,0,1118,3,1,,2018/10/12 19:05,2018/10/12 19:11,35.454425 139.64064,ＪＩＣＡ横浜 （海外移住資料館）,35.450681 139.632446,横浜桜木町ワシントンホテル,2018/10/12 19:06,2018/10/12 19:06,2018/10/12 19:17,2018/10/12 19:17,,2018/10/12 19:01,0:06:24,0:06:24,,00,03,,,,,
-,-,19,2018/10/12 19:09,2751,乗客アプリ（地図から）,1542,1152,2,2,,2018/10/12 19:20,2018/10/12 19:40,35.445857 139.647636,ホテルモントレ横浜,35.458507 139.628741,みなとみらいグランドセントラルタワー,2018/10/12 19:16,2018/10/12 19:16,2018/10/12 19:39,2018/10/12 19:39,,2018/10/12 19:09,0:19:22,0:38:44,,04,11,,,,,
-,-,19,2018/10/12 19:11,2752,乗客アプリ（目的地から）,985,1023,9,1,,2018/10/12 19:11,2018/10/12 19:13,35.445783 139.642958,横浜情報文化センター,35.448801 139.636702,ホテルルートイン横浜馬車道,2018/10/12 19:12,2018/10/12 19:12,2018/10/12 19:20,2018/10/12 19:20,,2018/10/12 19:11,0:02:32,0:02:32,,00,00,,,,,
★,-,19,2018/10/12 19:12,2753,乗客アプリ（目的地から）,2613,910,5,2,,2018/10/12 19:24,2018/10/12 19:33,35.441441 139.648505,横浜中華街朱雀門,35.443908 139.635249,イセザキ・モール,2018/10/12 19:25,2018/10/12 19:25,2018/10/12 19:40,2018/10/12 19:40,2018/10/12 19:25,2018/10/12 19:25,0:08:52,0:17:44,,00,00,,,,,
-,-,19,2018/10/12 19:19,2756,乗客アプリ（地図から）,985,679,4,1,,2018/10/12 19:22,2018/10/12 19:30,35.448801 139.636702,ホテルルートイン横浜馬車道,35.458507 139.628741,みなとみらいグランドセントラルタワー,2018/10/12 19:22,2018/10/12 19:22,2018/10/12 19:38,2018/10/12 19:38,,2018/10/12 19:19,0:08:27,0:08:27,,00,03,,,,,
-,-,19,2018/10/12 19:19,2755,乗客アプリ（地図から）,1771,318,6,1,,2018/10/12 19:21,2018/10/12 19:27,35.453715 139.638133,横浜ワールドポーターズ,35.450681 139.632446,横浜桜木町ワシントンホテル,2018/10/12 19:24,2018/10/12 19:24,2018/10/12 19:35,2018/10/12 19:32,,2018/10/12 19:19,0:06:28,0:06:28,,00,02,,,,,
-,-,19,2018/10/12 19:21,2758,街角設置端末（店舗から）,0,425,3,1,,2018/10/12 19:25,2018/10/12 19:30,35.447541 139.644914,シルク博物館,35.443908 139.635249,イセザキ・モール,2018/10/12 19:27,2018/10/12 19:27,2018/10/12 19:38,2018/10/12 19:38,,2018/10/12 19:21,0:05:22,0:05:22,,00,03,,,,,
-,-,19,2018/10/12 19:21,2759,乗客アプリ（目的地から）,2611,755,6,5,,2018/10/12 19:39,2018/10/12 19:54,35.443659 139.650847,横浜マリンタワー,35.450681 139.632446,横浜桜木町ワシントンホテル,2018/10/12 19:47,2018/10/12 19:47,2018/10/12 20:09,2018/10/12 20:09,,2018/10/12 19:21,0:14:43,1:13:35,,00,17,,,,,
-,-,19,2018/10/12 19:31,2760,街角設置端末（地図から）,0,351,4,2,,2018/10/12 19:37,2018/10/12 19:51,35.45435 139.631762,横浜ロイヤルパークホテル,35.443908 139.635249,イセザキ・モール,2018/10/12 19:38,2018/10/12 19:38,2018/10/12 19:52,2018/10/12 20:03,,2018/10/12 19:31,0:14:24,0:28:48,,00,05,,,,,
-,-,19,2018/10/12 19:36,2761,乗客アプリ（目的地から）,2620,1240,4,1,,2018/10/12 19:42,2018/10/12 19:47,35.454425 139.64064,ＪＩＣＡ横浜 （海外移住資料館）,35.448676 139.635696,横浜平和プラザホテル,2018/10/12 19:47,2018/10/12 19:47,2018/10/12 19:56,2018/10/12 19:56,,2018/10/12 19:36,0:04:38,0:04:38,,00,06,,,,,
-,-,19,2018/10/12 19:41,2762,街角設置端末（店舗から）,0,401,6,1,,2018/10/12 19:43,2018/10/12 19:51,35.451031 139.647069,横浜港大さん橋国際客船ターミナル,35.454389 139.630904,横浜ランドマークタワー,2018/10/12 19:47,2018/10/12 19:47,2018/10/12 20:06,2018/10/12 20:06,,2018/10/12 19:41,0:08:01,0:08:01,,00,02,,,,,
-,-,19,2018/10/12 19:53,2763,街角設置端末（地図から）,0,434,4,1,,2018/10/12 20:02,2018/10/12 20:13,35.441002 139.650809,横浜元町ショッピングストリート,35.458507 139.628741,みなとみらいグランドセントラルタワー,2018/10/12 20:10,2018/10/12 20:10,2018/10/12 20:36,2018/10/12 20:36,,2018/10/12 19:53,0:10:35,0:10:35,,00,09,,,,,
★,☆,19,2018/10/12 18:57,2746,乗客アプリ（目的地から）,2596,706,10,3,2018/10/12 19:01,,,35.443863 139.64702,ローズホテル横浜（横浜中華街内）,35.45256 139.630848,ニューオータニイン横浜プレミアム,2018/10/12 19:25,,2018/10/12 19:43,,2018/10/12 19:25,2018/10/12 19:25,0:00:00,0:00:00,,00,00,,,,,
-,☆,19,2018/10/12 19:03,2748,乗客アプリ（目的地から）,2596,741,2,3,2018/10/12 19:05,,,35.443863 139.64702,ローズホテル横浜（横浜中華街内）,35.45256 139.630848,ニューオータニイン横浜プレミアム,2018/10/12 19:05,,2018/10/12 19:23,,,2018/10/12 19:03,0:00:00,0:00:00,,00,02,,,,,
-,☆,19,2018/10/12 19:07,2750,乗客アプリ（目的地から）,985,848,9,1,2018/10/12 19:10,,,35.445783 139.642958,横浜情報文化センター,35.448801 139.636702,ホテルルートイン横浜馬車道,2018/10/12 19:11,,2018/10/12 19:19,,,2018/10/12 19:07,0:00:00,0:00:00,,00,03,,,,,
-,☆,19,2018/10/12 19:15,2754,街角設置端末（地図から）,0,457,10,2,2018/10/12 19:28,,,35.45435 139.631762,横浜ロイヤルパークホテル,35.443908 139.635249,イセザキ・モール,2018/10/12 19:22,,2018/10/12 19:36,,,2018/10/12 19:15,0:00:00,0:00:00,,00,12,,,,,
-,☆,19,2018/10/12 19:21,2757,乗客アプリ（目的地から）,2611,1297,6,5,2018/10/12 19:21,,,35.443659 139.650847,横浜マリンタワー,35.450681 139.632446,横浜桜木町ワシントンホテル,2018/10/12 19:51,,2018/10/12 20:13,,,2018/10/12 19:21,0:00:00,0:00:00,,00,30,,,,,
★,-,20,2018/10/12 18:45,2743,乗客アプリ（目的地から）,2084,392,1,1,,2018/10/12 20:25,2018/10/12 20:33,35.454389 139.630904,横浜ランドマークタワー,35.4587 139.625091,横浜アンパンマンこどもミュージアム,2018/10/12 20:30,2018/10/12 20:30,2018/10/12 20:41,2018/10/12 20:48,2018/10/12 20:30,2018/10/12 20:30,0:07:58,0:07:58,188,00,00,03,03,,,
★,-,20,2018/10/12 20:04,2765,乗客アプリ（目的地から）,2625,346,1,2,,2018/10/12 20:10,2018/10/12 20:16,35.452963 139.642093,横浜赤レンガ倉庫,35.456605 139.635327,横浜ベイホテル東急,2018/10/12 20:15,2018/10/12 20:15,2018/10/12 20:36,2018/10/12 20:36,2018/10/12 20:15,2018/10/12 20:15,0:05:23,0:10:46,,00,00,,,,,
-,-,20,2018/10/12 20:08,2766,街角設置端末（店舗から）,0,648,7,1,,2018/10/12 20:12,2018/10/12 20:17,35.454389 139.630904,横浜ランドマークタワー,35.453715 139.638133,横浜ワールドポーターズ,2018/10/12 20:16,2018/10/12 20:16,2018/10/12 20:27,2018/10/12 20:27,,2018/10/12 20:08,0:04:11,0:04:11,,00,04,,,,,
-,-,20,2018/10/12 20:15,2767,乗客アプリ（簡単予約）,2429,972,3,2,,2018/10/12 20:19,2018/10/12 20:24,35.445783 139.642958,横浜情報文化センター,35.443908 139.635249,イセザキ・モール,2018/10/12 20:19,2018/10/12 20:19,2018/10/12 20:30,2018/10/12 20:30,,2018/10/12 20:15,0:05:09,0:10:18,,00,04,,,,,
-,-,20,2018/10/12 20:17,2768,乗客アプリ（目的地から）,1358,350,7,1,,2018/10/12 20:21,2018/10/12 20:28,35.452963 139.642093,横浜赤レンガ倉庫,35.450681 139.632446,横浜桜木町ワシントンホテル,2018/10/12 20:22,2018/10/12 20:22,2018/10/12 20:34,2018/10/12 20:34,,2018/10/12 20:17,0:06:26,0:06:26,,00,04,,,,,
-,-,20,2018/10/12 20:20,2770,街角設置端末（店舗から）,0,1190,6,1,,2018/10/12 20:23,2018/10/12 20:26,35.447541 139.644914,シルク博物館,35.441441 139.648505,横浜中華街朱雀門,2018/10/12 20:26,2018/10/12 20:26,2018/10/12 20:34,2018/10/12 20:34,,2018/10/12 20:20,0:03:16,0:03:16,,00,03,,,,,
-,-,20,2018/10/12 20:22,2771,乗客アプリ（簡単予約）,1668,577,9,2,,2018/10/12 20:27,2018/10/12 20:39,35.451031 139.647069,横浜港大さん橋国際客船ターミナル,35.4587 139.625091,横浜アンパンマンこどもミュージアム,2018/10/12 20:26,2018/10/12 20:26,2018/10/12 20:52,2018/10/12 20:52,,2018/10/12 20:22,0:11:07,0:22:14,,01,05,,,,,
-,-,20,2018/10/12 20:29,2772,街角設置端末（地図から）,0,436,7,4,,2018/10/12 20:36,2018/10/12 20:40,35.456605 139.635327,横浜ベイホテル東急,35.4587 139.625091,横浜アンパンマンこどもミュージアム,2018/10/12 20:40,2018/10/12 20:40,2018/10/12 20:56,2018/10/12 20:56,,2018/10/12 20:29,0:04:24,0:17:36,,00,06,,,,,
★,-,20,2018/10/12 20:30,2773,乗客アプリ（地図から）,1789,690,2,1,,2018/10/12 20:33,2018/10/12 20:45,35.453715 139.638133,横浜ワールドポーターズ,35.445857 139.647636,ホテルモントレ横浜,2018/10/12 20:35,2018/10/12 20:35,2018/10/12 20:49,2018/10/12 20:49,2018/10/12 20:35,2018/10/12 20:35,0:12:06,0:12:06,,00,00,,,,,
-,-,20,2018/10/12 20:31,2774,乗客アプリ（目的地から）,2335,1207,6,1,,2018/10/12 20:37,2018/10/12 20:58,35.443659 139.650847,横浜マリンタワー,35.4587 139.625091,横浜アンパンマンこどもミュージアム,2018/10/12 20:33,2018/10/12 20:33,2018/10/12 21:01,2018/10/12 21:21,,2018/10/12 20:31,0:21:00,0:21:00,,04,05,,,,,
-,-,20,2018/10/12 20:33,2775,乗客アプリ（地図から）,985,1013,1,1,,2018/10/12 20:37,2018/10/12 20:41,35.458507 139.628741,みなとみらいグランドセントラルタワー,35.450447 139.635947,みなとみらい線　馬車道駅,2018/10/12 20:42,2018/10/12 20:42,2018/10/12 20:52,2018/10/12 20:52,,2018/10/12 20:33,0:03:40,0:03:40,,00,04,,,,,
-,-,20,2018/10/12 20:36,2776,乗客アプリ（目的地から）,2086,302,8,1,,2018/10/12 20:39,2018/10/12 20:46,35.455715 139.638114,横浜みなとみらい万葉倶楽部,35.4587 139.625091,横浜アンパンマンこどもミュージアム,2018/10/12 20:40,2018/10/12 20:40,2018/10/12 20:55,2018/10/12 20:55,,2018/10/12 20:36,0:06:39,0:06:39,,00,03,,,,,
-,-,20,2018/10/12 20:40,2777,乗客アプリ（地図から）,2361,1024,6,5,,2018/10/12 20:49,2018/10/12 20:54,35.452963 139.642093,横浜赤レンガ倉庫,35.450681 139.632446,横浜桜木町ワシントンホテル,2018/10/12 20:51,2018/10/12 20:51,2018/10/12 21:07,2018/10/12 21:07,,2018/10/12 20:40,0:05:20,0:26:40,,00,08,,,,,
-,-,20,2018/10/12 20:47,2780,乗客アプリ（目的地から）,1431,1132,2,1,,2018/10/12 20:53,2018/10/12 20:59,35.448801 139.636702,ホテルルートイン横浜馬車道,35.452963 139.642093,横浜赤レンガ倉庫,2018/10/12 20:53,2018/10/12 20:53,2018/10/12 21:03,2018/10/12 21:03,,2018/10/12 20:47,0:05:37,0:05:37,,00,06,,,,,
-,-,20,2018/10/12 20:49,2781,街角設置端末（地図から）,0,900,3,1,,2018/10/12 20:53,2018/10/12 20:56,35.447541 139.644914,シルク博物館,35.443908 139.635249,イセザキ・モール,2018/10/12 20:53,2018/10/12 20:53,2018/10/12 21:05,2018/10/12 21:05,,2018/10/12 20:49,0:03:45,0:03:45,,00,03,,,,,
-,-,20,2018/10/12 20:53,2782,乗客アプリ（地図から）,2617,1194,9,1,,2018/10/12 20:55,2018/10/12 21:06,35.458507 139.628741,みなとみらいグランドセントラルタワー,35.443073 139.651914,横浜人形の家,2018/10/12 20:54,2018/10/12 20:54,2018/10/12 21:18,2018/10/12 21:18,,2018/10/12 20:53,0:11:45,0:11:45,,00,02,,,,,
-,-,20,2018/10/12 20:53,2783,乗客アプリ（簡単予約）,2598,775,8,2,,2018/10/12 21:01,2018/10/12 21:08,35.454389 139.630904,横浜ランドマークタワー,35.462896 139.63236,ホテルビスタプレミオみなとみらい,2018/10/12 20:58,2018/10/12 20:58,2018/10/12 21:12,2018/10/12 21:12,,2018/10/12 20:53,0:07:16,0:14:32,,02,07,,,,,
★,☆,20,2018/10/12 17:02,2690,乗客アプリ（目的地から）,2296,760,2,1,2018/10/12 17:06,,,35.445783 139.642958,横浜情報文化センター,35.443863 139.64702,ローズホテル横浜（横浜中華街内）,2018/10/12 20:00,,2018/10/12 20:05,,2018/10/12 20:00,2018/10/12 20:00,0:00:00,0:00:00,,00,00,,,,,
★,☆,20,2018/10/12 19:05,2749,乗客アプリ（目的地から）,2611,469,2,5,2018/10/12 19:19,,,35.443659 139.650847,横浜マリンタワー,35.450681 139.632446,横浜桜木町ワシントンホテル,2018/10/12 20:00,,2018/10/12 20:22,,2018/10/12 20:00,2018/10/12 20:00,0:00:00,0:00:00,,00,00,,,,,
★,☆,20,2018/10/12 19:58,2764,街角設置端末（店舗から）,0,838,1,2,2018/10/12 19:58,,,35.452963 139.642093,横浜赤レンガ倉庫,35.456605 139.635327,横浜ベイホテル東急,2018/10/12 20:15,,2018/10/12 20:36,,2018/10/12 20:15,2018/10/12 20:15,0:00:00,0:00:00,,00,00,,,,,
-,☆,20,2018/10/12 20:18,2769,乗客アプリ（目的地から）,2624,643,4,1,2018/10/12 20:18,,,35.462896 139.63236,ホテルビスタプレミオみなとみらい,35.452963 139.642093,横浜赤レンガ倉庫,2018/10/12 20:25,,2018/10/12 20:38,,,2018/10/12 20:18,0:00:00,0:00:00,,00,07,,,,,
★,☆,20,2018/10/12 20:41,2778,乗客アプリ（地図から）,1218,390,5,1,2018/10/12 20:41,,,35.454425 139.64064,ＪＩＣＡ横浜 （海外移住資料館）,35.45256 139.630848,ニューオータニイン横浜プレミアム,2018/10/12 20:44,,2018/10/12 20:56,,2018/10/12 20:40,2018/10/12 20:40,0:00:00,0:00:00,,00,,,,,※285行と同一人物と思われるため一番短いものを採用,
★,☆,20,2018/10/12 20:42,2779,乗客アプリ（地図から）,1218,303,5,1,2018/10/12 20:52,,,35.454425 139.64064,ＪＩＣＡ横浜 （海外移住資料館）,35.45256 139.630848,ニューオータニイン横浜プレミアム,2018/10/12 20:50,,2018/10/12 21:03,,2018/10/12 20:50,2018/10/12 20:50,0:00:00,0:00:00,,00,01,,,,※286行と同一人物と思われるため一番短いものを採用,
